序号	图谱名称	指标名	常用名	数据来源	数据采集方式	指标频率	对应标准编码	对应标准名称	指标类型	来源报表	来源报表项	备注	适用公司	逻辑整理自报表的名称
1	净利润	营业收入	营业收入	集团合并系统	系统取数	月度	TPG000_ACC_000121	营业收入-合计 	集团合并系统	法定利润表	"year=当前年份
Period=当前月份
Account_Code=科目编码
Views='YTD'
Currency='CNY'"	参考合并系统取数逻辑	集团	法定利润表
2	净利润	已赚保费	已赚保费	集团合并系统	系统取数	月度	TPG000_ACC_000122	营业收入-已赚保费 	集团合并系统	法定利润表	"year=当前年份
Period=当前月份
Account_Code=科目编码
Views='YTD'
Currency='CNY'"	参考合并系统取数逻辑	集团	法定利润表
3	净利润	保险业务收入	保险业务收入	集团合并系统	系统取数	月度	TPG000_ACC_000123	营业收入-已赚保费-保险业务收入 	集团合并系统	法定利润表	"year=当前年份
Period=当前月份
Account_Code=科目编码
Views='YTD'
Currency='CNY'"	参考合并系统取数逻辑	集团	法定利润表
5	净利润	分出保费	分出保费	集团合并系统	系统取数	月度	TPG000_ACC_000125	营业收入-已赚保费-分出保费 	集团合并系统	法定利润表	"year=当前年份
Period=当前月份
Account_Code=科目编码
Views='YTD'
Currency='CNY'"	参考合并系统取数逻辑	集团	法定利润表
6	净利润	提取未到期责任准备金	提取未到期责任准备金	集团合并系统	系统取数	月度	TPG000_ACC_000126	营业收入-已赚保费-提取未到期责任准备金 	集团合并系统	法定利润表	"year=当前年份
Period=当前月份
Account_Code=科目编码
Views='YTD'
Currency='CNY'"	参考合并系统取数逻辑	集团	法定利润表
7	净利润	投资收益	投资收益	集团合并系统	系统取数	月度	TPG000_ACC_000127	营业收入-投资收益 	集团合并系统	法定利润表	"year=当前年份
Period=当前月份
Account_Code=科目编码
Views='YTD'
Currency='CNY'"	参考合并系统取数逻辑	集团	法定利润表
9	净利润	公允价值变动收益	公允价值变动收益	集团合并系统	系统取数	月度	TPG000_ACC_000129	营业收入-公允价值变动收益 	集团合并系统	法定利润表	"year=当前年份
Period=当前月份
Account_Code=科目编码
Views='YTD'
Currency='CNY'"	参考合并系统取数逻辑	集团	法定利润表
10	净利润	汇兑收益	汇兑收益	集团合并系统	系统取数	月度	TPG000_ACC_000130	营业收入-汇兑收益 	集团合并系统	法定利润表	"year=当前年份
Period=当前月份
Account_Code=科目编码
Views='YTD'
Currency='CNY'"	参考合并系统取数逻辑	集团	法定利润表
11	净利润	其他业务收入	其他业务收入	集团合并系统	系统取数	月度	TPG000_ACC_000131	营业收入-其他业务收入 	集团合并系统	法定利润表	"year=当前年份
Period=当前月份
Account_Code=科目编码
Views='YTD'
Currency='CNY'"	参考合并系统取数逻辑	集团	法定利润表
12	净利润	资产处置收益	资产处置收益	集团合并系统	系统取数	月度	TPG000_ACC_000689	资产处置收益	集团合并系统	法定利润表	"year=当前年份
Period=当前月份
Account_Code=科目编码
Views='YTD'
Currency='CNY'"	参考合并系统取数逻辑	集团	法定利润表
13	净利润	其他收益	其他收益	集团合并系统	系统取数	月度	TPG000_ACC_000690	其他收益	集团合并系统	法定利润表	"year=当前年份
Period=当前月份
Account_Code=科目编码
Views='YTD'
Currency='CNY'"	参考合并系统取数逻辑	集团	法定利润表
14	净利润	营业支出	营业支出	集团合并系统	系统取数	月度	TPG000_ACC_000132	营业支出-合计	集团合并系统	法定利润表	"year=当前年份
Period=当前月份
Account_Code=科目编码
Views='YTD'
Currency='CNY'"	参考合并系统取数逻辑	集团	法定利润表
15	净利润	退保金	退保金	集团合并系统	系统取数	月度	TPG000_ACC_000161	保险业务-退保金 	集团合并系统	法定利润表	"year=当前年份
Period=当前月份
Account_Code=科目编码
Views='YTD'
Currency='CNY'"	参考合并系统取数逻辑	集团	法定利润表
16	净利润	赔付支出	赔付支出	集团合并系统	系统取数	月度	TPG000_ACC_000159	保险业务-赔付支出 	集团合并系统	法定利润表	"year=当前年份
Period=当前月份
Account_Code=科目编码
Views='YTD'
Currency='CNY'"	参考合并系统取数逻辑	集团	法定利润表
17	净利润	摊回赔付支出	摊回赔付支出	集团合并系统	系统取数	月度	TPG000_ACC_000160	保险业务-摊回赔付支出 	集团合并系统	法定利润表	"year=当前年份
Period=当前月份
Account_Code=科目编码
Views='YTD'
Currency='CNY'"	参考合并系统取数逻辑	集团	法定利润表
18	净利润	提取保险责任准备金	提取保险责任准备金	集团合并系统	系统取数	月度	TPG000_ACC_000162	保险业务-提取保险责任准备金 	集团合并系统	法定利润表	"year=当前年份
Period=当前月份
Account_Code=科目编码
Views='YTD'
Currency='CNY'"	参考合并系统取数逻辑	集团	法定利润表
19	净利润	摊回保险责任准备金	摊回保险责任准备金	集团合并系统	系统取数	月度	TPG000_ACC_000163	保险业务-摊回保险责任准备金 	集团合并系统	法定利润表	"year=当前年份
Period=当前月份
Account_Code=科目编码
Views='YTD'
Currency='CNY'"	参考合并系统取数逻辑	集团	法定利润表
20	净利润	提取农险保费准备金	提取农险保费准备金	集团合并系统	系统取数	月度	TPG000_ACC_000703	提取农险保费准备金	集团合并系统	法定利润表	"year=当前年份
Period=当前月份
Account_Code=科目编码
Views='YTD'
Currency='CNY'"	参考合并系统取数逻辑	集团	法定利润表
21	净利润	保单红利支出	保单红利支出	集团合并系统	系统取数	月度	TPG000_ACC_000164	保险业务-保单红利支出 	集团合并系统	法定利润表	"year=当前年份
Period=当前月份
Account_Code=科目编码
Views='YTD'
Currency='CNY'"	参考合并系统取数逻辑	集团	法定利润表
22	净利润	分保费用	分保费用	集团合并系统	系统取数	月度	TPG000_ACC_000139	营业支出-分保费用	集团合并系统	法定利润表	"year=当前年份
Period=当前月份
Account_Code=科目编码
Views='YTD'
Currency='CNY'"	参考合并系统取数逻辑	集团	法定利润表
23	净利润	税金及附加	税金及附加	集团合并系统	系统取数	月度	TPG000_ACC_000140	营业支出-营业税金及附加	集团合并系统	法定利润表	"year=当前年份
Period=当前月份
Account_Code=科目编码
Views='YTD'
Currency='CNY'"	参考合并系统取数逻辑	集团	法定利润表
24	净利润	手续费及佣金支	手续费及佣金支	集团合并系统	系统取数	月度	TPG000_ACC_000141	营业支出-手续费及佣金支出	集团合并系统	法定利润表	"year=当前年份
Period=当前月份
Account_Code=科目编码
Views='YTD'
Currency='CNY'"	参考合并系统取数逻辑	集团	法定利润表
25	净利润	业务及管理费	业务及管理费	集团合并系统	系统取数	月度	TPG000_ACC_000142	营业支出-业务及管理费	集团合并系统	法定利润表	"year=当前年份
Period=当前月份
Account_Code=科目编码
Views='YTD'
Currency='CNY'"	参考合并系统取数逻辑	集团	法定利润表
26	净利润	摊回分保费用	摊回分保费用	集团合并系统	系统取数	月度	TPG000_ACC_000143	营业支出-业务及管理费-摊回分保费用	集团合并系统	法定利润表	"year=当前年份
Period=当前月份
Account_Code=科目编码
Views='YTD'
Currency='CNY'"	参考合并系统取数逻辑	集团	法定利润表
27	净利润	其他业务成本	其他业务成本	集团合并系统	系统取数	月度	TPG000_ACC_000144	营业支出-其他业务成本 	集团合并系统	法定利润表	"year=当前年份
Period=当前月份
Account_Code=科目编码
Views='YTD'
Currency='CNY'"	参考合并系统取数逻辑	集团	法定利润表
28	净利润	资产减值损失	资产减值损失	集团合并系统	系统取数	月度	TPG000_ACC_000145	营业支出-资产减值损失 	集团合并系统	法定利润表	"year=当前年份
Period=当前月份
Account_Code=科目编码
Views='YTD'
Currency='CNY'"	参考合并系统取数逻辑	集团	法定利润表
29	净利润	营业利润	营业利润	集团合并系统	系统取数	月度	TPG000_ACC_000146	营业利润-合计 	集团合并系统	法定利润表	"year=当前年份
Period=当前月份
Account_Code=科目编码
Views='YTD'
Currency='CNY'"	参考合并系统取数逻辑	集团	法定利润表
30	净利润	营业外收入	营业外收入	集团合并系统	系统取数	月度	TPG000_ACC_000147	营业利润-营业外收入 	集团合并系统	法定利润表	"year=当前年份
Period=当前月份
Account_Code=科目编码
Views='YTD'
Currency='CNY'"	参考合并系统取数逻辑	集团	法定利润表
31	净利润	营业外支出	营业外支出	集团合并系统	系统取数	月度	TPG000_ACC_000148	营业利润-营业外支出 	集团合并系统	法定利润表	"year=当前年份
Period=当前月份
Account_Code=科目编码
Views='YTD'
Currency='CNY'"	参考合并系统取数逻辑	集团	法定利润表
32	净利润	利润总额	利润总额	集团合并系统	系统取数	月度	TPG000_ACC_000149	利润总额-合计 	集团合并系统	法定利润表	"year=当前年份
Period=当前月份
Account_Code=科目编码
Views='YTD'
Currency='CNY'"	参考合并系统取数逻辑	集团	法定利润表
33	净利润	所得税费用	所得税费用	集团合并系统	系统取数	月度	TPG000_ACC_000150	利润总额-所得税费用 	集团合并系统	法定利润表	"year=当前年份
Period=当前月份
Account_Code=科目编码
Views='YTD'
Currency='CNY'"	参考合并系统取数逻辑	集团	法定利润表
34	净利润	净利润	净利润	集团合并系统	系统取数	月度	TPG000_ACC_000151	净利润 	集团合并系统	法定利润表	"year=当前年份
Period=当前月份
Account_Code=科目编码
Views='YTD'
Currency='CNY'"	参考合并系统取数逻辑	集团	法定利润表
37	净利润	营业收入	营业收入	集团财务系统	系统取数	月度	TPG000_ACC_000121	营业收入-合计 	财务行集	利润表KPI	10  一、营业收入		太财	法定利润表
38	净利润	已赚保费	已赚保费	集团财务系统	系统取数	月度	TPG000_ACC_000122	营业收入-已赚保费 	财务行集	利润表KPI	20      已赚保费		太财	法定利润表
39	净利润	保险业务收入	保险业务收入	集团财务系统	系统取数	月度	TPG000_ACC_000123	营业收入-已赚保费-保险业务收入 	财务行集	利润表KPI	30      保险业务收入		太财	法定利润表
41	净利润	分出保费	分出保费	集团财务系统	系统取数	月度	TPG000_ACC_000125	营业收入-已赚保费-分出保费 	财务行集	利润表KPI	50        减：分出保费		太财	法定利润表
42	净利润	提取未到期责任准备金	提取未到期责任准备金	集团财务系统	系统取数	月度	TPG000_ACC_000126	营业收入-已赚保费-提取未到期责任准备金 	财务行集	利润表KPI	60        提取未到期责任准备金		太财	法定利润表
43	净利润	投资收益	投资收益	集团财务系统	系统取数	月度	TPG000_ACC_000127	营业收入-投资收益 	财务行集	利润表KPI	70      投资收益		太财	法定利润表
45	净利润	公允价值变动收益	公允价值变动收益	集团财务系统	系统取数	月度	TPG000_ACC_000129	营业收入-公允价值变动收益 	财务行集	利润表KPI	90      公允价值变动收益		太财	法定利润表
46	净利润	汇兑收益	汇兑收益	集团财务系统	系统取数	月度	TPG000_ACC_000130	营业收入-汇兑收益 	财务行集	利润表KPI	100     汇兑收益		太财	法定利润表
47	净利润	其他业务收入	其他业务收入	集团财务系统	系统取数	月度	TPG000_ACC_000131	营业收入-其他业务收入 	财务行集	利润表KPI	110     其他业务收入		太财	法定利润表
48	净利润	资产处置收益	资产处置收益	集团财务系统	系统取数	月度	TPG000_ACC_000689	资产处置收益	不适用	无	无		太财	法定利润表
49	净利润	其他收益	其他收益	集团财务系统	系统取数	月度	TPG000_ACC_000690	其他收益	财务行集	利润表KPI	115     其他收益		太财	法定利润表
50	净利润	营业支出	营业支出	集团财务系统	系统取数	月度	TPG000_ACC_000132	营业支出-合计	财务行集	利润表KPI	120 二、营业支出		太财	法定利润表
51	净利润	退保金	退保金	集团财务系统	系统取数	月度	TPG000_ACC_000161	保险业务-退保金 	财务行集	利润表KPI	130     退保金		太财	法定利润表
52	净利润	赔付支出	赔付支出	集团财务系统	系统取数	月度	TPG000_ACC_000159	保险业务-赔付支出 	行集和科目编码	无	"行集：140     赔付支出减去科目（6508050104、6508050105、6508050106、6508050199、6508050200、6508050501、6508050502、6508050503、6508050504、6508050505、6508050506、6508050507、6508050508、6508050599、6508050600、6508050700、6508050800、6508050900、6508051000、6508051300、6508051400、6508051501、6508051502、6508052101、6508052102、6508052103、6508052104、6508052105、6508052106、6508052107、6508052108、6508052109、6508052110、6508052111、6508052112、6508052113、6508052114、6508052115、6508052201、6508052202、6508052203、6508052299、6508052300、6508052400、6508052401、6508052501、6508052502、6508052503、6508052504、6508052599、6508052601、6508052602、6508052699、6508052701、6508052702、6508052703、6508052799、6508052899、6508052900、6508053001、6508053002、6508053201、6508053202、6508053203、6508053204、6508053205、6508053299、6508053301、6508053302、6508053303、6508053304、6508053399、6508053401、6508053499、6508053501、6508053502、6508053503、6508053504、6508053505、6508053601、6508053602、6508053603、6508053604、6508053701、6508053702、6508053703、6508053799、6508053801、6508053802、6508053803、6508053804、6508053805、6508053806、6508053899、6508053901、6508053902、6508053903、6508053904、6508053905、6508053906、6508053999、6508054000、6508054101、6508054199、6508054200、6508054300、6508054400、6508054500、6508054601、6508054602、6508054699、6508054700、6508054800、6508054901、6508054902、6508054903、6508054904、6508054999、6508055700、6508055800、6508056201、6508056202、6508056205、6508056206、6508056299、6508056800、6508057001、6508057002、6508057003、6508057099、6508057100、6508057200、6508057300、6508057400、6508059900、6508053100
）"		太财	法定利润表
53	净利润	摊回赔付支出	摊回赔付支出	集团财务系统	系统取数	月度	TPG000_ACC_000160	保险业务-摊回赔付支出 	财务行集	利润表KPI	150       减：摊回赔付支出		太财	法定利润表
54	净利润	提取保险责任准备金	提取保险责任准备金	集团财务系统	系统取数	月度	TPG000_ACC_000162	保险业务-提取保险责任准备金 	财务行集	利润表KPI	160     提取保险责任准备金		太财	法定利润表
55	净利润	摊回保险责任准备金	摊回保险责任准备金	集团财务系统	系统取数	月度	TPG000_ACC_000163	保险业务-摊回保险责任准备金 	财务行集	利润表KPI	170 减：摊回保险责任准备金		太财	法定利润表
56	净利润	提取农险保费准备金	提取农险保费准备金	集团财务系统	系统取数	月度	TPG000_ACC_000703	提取农险保费准备金	财务行集	利润表KPI	175     提取保费准备金		太财	法定利润表
57	净利润	保单红利支出	保单红利支出	集团财务系统	系统取数	月度	TPG000_ACC_000164	保险业务-保单红利支出 	财务行集	利润表KPI	180     保单红利支出		太财	法定利润表
58	净利润	分保费用	分保费用	集团财务系统	系统取数	月度	TPG000_ACC_000139	营业支出-分保费用	财务行集	利润表KPI	190     分保费用		太财	法定利润表
59	净利润	税金及附加	税金及附加	集团财务系统	系统取数	月度	TPG000_ACC_000140	营业支出-营业税金及附加	财务行集	利润表KPI	200     税金及附加		太财	法定利润表
60	净利润	手续费及佣金支	手续费及佣金支	集团财务系统	系统取数	月度	TPG000_ACC_000141	营业支出-手续费及佣金支出	财务行集	利润表KPI	210     手续费及佣金支出		太财	法定利润表
61	净利润	业务及管理费	业务及管理费	集团财务系统	系统取数	月度	TPG000_ACC_000142	营业支出-业务及管理费	行集和科目编码	无	"行集：220    业务及管理费+科目（6508050104、6508050105、6508050106、6508050199、6508050200、6508050501、6508050502、6508050503、6508050504、6508050505、6508050506、6508050507、6508050508、6508050599、6508050600、6508050700、6508050800、6508050900、6508051000、6508051300、6508051400、6508051501、6508051502、6508052101、6508052102、6508052103、6508052104、6508052105、6508052106、6508052107、6508052108、6508052109、6508052110、6508052111、6508052112、6508052113、6508052114、6508052115、6508052201、6508052202、6508052203、6508052299、6508052300、6508052400、6508052401、6508052501、6508052502、6508052503、6508052504、6508052599、6508052601、6508052602、6508052699、6508052701、6508052702、6508052703、6508052799、6508052899、6508052900、6508053001、6508053002、6508053201、6508053202、6508053203、6508053204、6508053205、6508053299、6508053301、6508053302、6508053303、6508053304、6508053399、6508053401、6508053499、6508053501、6508053502、6508053503、6508053504、6508053505、6508053601、6508053602、6508053603、6508053604、6508053701、6508053702、6508053703、6508053799、6508053801、6508053802、6508053803、6508053804、6508053805、6508053806、6508053899、6508053901、6508053902、6508053903、6508053904、6508053905、6508053906、6508053999、6508054000、6508054101、6508054199、6508054200、6508054300、6508054400、6508054500、6508054601、6508054602、6508054699、6508054700、6508054800、6508054901、6508054902、6508054903、6508054904、6508054999、6508055700、6508055800、6508056201、6508056202、6508056205、6508056206、6508056299、6508056800、6508057001、6508057002、6508057003、6508057099、6508057100、6508057200、6508057300、6508057400、6508059900、6508053100
）"		太财	法定利润表
62	净利润	摊回分保费用	摊回分保费用	集团财务系统	系统取数	月度	TPG000_ACC_000143	营业支出-业务及管理费-摊回分保费用	财务行集	利润表KPI	230       减：摊回分保费用		太财	法定利润表
63	净利润	其他业务成本	其他业务成本	集团财务系统	系统取数	月度	TPG000_ACC_000144	营业支出-其他业务成本 	财务行集	利润表KPI	240     其他业务成本		太财	法定利润表
64	净利润	资产减值损失	资产减值损失	集团财务系统	系统取数	月度	TPG000_ACC_000145	营业支出-资产减值损失 	财务行集	利润表KPI	250     资产减值损失		太财	法定利润表
65	净利润	营业利润	营业利润	集团财务系统	系统取数	月度	TPG000_ACC_000146	营业利润-合计 	报表间计算	无	报表项：营业收入-营业支出		太财	法定利润表
66	净利润	营业外收入	营业外收入	集团财务系统	系统取数	月度	TPG000_ACC_000147	营业利润-营业外收入 	行集和科目编码	无	"2019年数据：行集：270     加：营业外收入+科目（6051190000政府补贴）
其他年份：行集：270     加：营业外收入"		太财	法定利润表
67	净利润	营业外支出	营业外支出	集团财务系统	系统取数	月度	TPG000_ACC_000148	营业利润-营业外支出 	财务行集	利润表KPI	280     减：营业外支出		太财	法定利润表
68	净利润	利润总额	利润总额	集团财务系统	系统取数	月度	TPG000_ACC_000149	利润总额-合计 	报表间计算	无	报表项：营业利润+加：营业外收入-减：营业外支出		太财	法定利润表
69	净利润	所得税费用	所得税费用	集团财务系统	系统取数	月度	TPG000_ACC_000150	利润总额-所得税费用 	财务行集	利润表KPI	300     减：所得税费用		太财	法定利润表
70	净利润	净利润	净利润	集团财务系统	系统取数	月度	TPG000_ACC_000151	净利润 	报表间计算	无	报表项：利润总额-减：所得税费用		太财	法定利润表
73	净利润	营业收入	营业收入	集团财务系统	系统取数	月度	TPG000_ACC_000121	营业收入-合计 	财务行集	2110014001/3公用利润表ROW	10 一、营业收入	剔除公司段：2110002和2110008	太寿	法定利润表
74	净利润	已赚保费	已赚保费	集团财务系统	系统取数	月度	TPG000_ACC_000122	营业收入-已赚保费 	财务行集	2110014001/3公用利润表ROW	20 已赚保费	剔除公司段：2110002和2110008	太寿	法定利润表
75	净利润	保险业务收入	保险业务收入	集团财务系统	系统取数	月度	TPG000_ACC_000123	营业收入-已赚保费-保险业务收入 	财务行集	2110014001/3公用利润表ROW	30 保险业务收入	剔除公司段：2110002和2110008	太寿	法定利润表
77	净利润	分出保费	分出保费	集团财务系统	系统取数	月度	TPG000_ACC_000125	营业收入-已赚保费-分出保费 	财务行集	2110014001/3公用利润表ROW	45 减：分出保费	剔除公司段：2110002和2110008	太寿	法定利润表
78	净利润	提取未到期责任准备金	提取未到期责任准备金	集团财务系统	系统取数	月度	TPG000_ACC_000126	营业收入-已赚保费-提取未到期责任准备金 	财务行集	2110014001/3公用利润表ROW	50     提取未到期责任准备金	剔除公司段：2110002和2110008	太寿	法定利润表
79	净利润	投资收益	投资收益	集团财务系统	系统取数	月度	TPG000_ACC_000127	营业收入-投资收益 	财务行集	2110014001/3公用利润表ROW	70 投资收益（损失以“-”填列）	剔除公司段：2110002和2110008	太寿	法定利润表
81	净利润	公允价值变动收益	公允价值变动收益	集团财务系统	系统取数	月度	TPG000_ACC_000129	营业收入-公允价值变动收益 	财务行集	2110014001/3公用利润表ROW	80 公允价值变动收益（损失以“-”填列）	剔除公司段：2110002和2110008	太寿	法定利润表
82	净利润	汇兑收益	汇兑收益	集团财务系统	系统取数	月度	TPG000_ACC_000130	营业收入-汇兑收益 	财务行集	2110014001/3公用利润表ROW	90 汇兑收益（损失以“-”填列）	剔除公司段：2110002和2110008	太寿	法定利润表
83	净利润	其他业务收入	其他业务收入	集团财务系统	系统取数	月度	TPG000_ACC_000131	营业收入-其他业务收入 	财务行集	2110014001/3公用利润表ROW	100 其他业务收入	剔除公司段：2110002和2110008	太寿	法定利润表
84	净利润	资产处置收益	资产处置收益	集团财务系统	系统取数	月度	TPG000_ACC_000689	资产处置收益	财务行集	2110014001/3公用利润表ROW	102 资产处置收益	剔除公司段：2110002和2110008	太寿	法定利润表
85	净利润	其他收益	其他收益	集团财务系统	系统取数	月度	TPG000_ACC_000690	其他收益	财务行集	2110014001/3公用利润表ROW	104 其他收益	剔除公司段：2110002和2110008	太寿	法定利润表
86	净利润	营业支出	营业支出	集团财务系统	系统取数	月度	TPG000_ACC_000132	营业支出-合计	财务行集	2110014001/3公用利润表ROW	110 二、营业支出	剔除公司段：2110002和2110008	太寿	法定利润表
87	净利润	退保金	退保金	集团财务系统	系统取数	月度	TPG000_ACC_000161	保险业务-退保金 	财务行集	2110014001/3公用利润表ROW	120 退保金	剔除公司段：2110002和2110008	太寿	法定利润表
88	净利润	赔付支出	赔付支出	集团财务系统	系统取数	月度	TPG000_ACC_000159	保险业务-赔付支出 	财务行集	2110014001/3公用利润表ROW	130 赔付支出	剔除公司段：2110002和2110008	太寿	法定利润表
89	净利润	摊回赔付支出	摊回赔付支出	集团财务系统	系统取数	月度	TPG000_ACC_000160	保险业务-摊回赔付支出 	财务行集	2110014001/3公用利润表ROW	140 减：摊回赔付支出	剔除公司段：2110002和2110008	太寿	法定利润表
90	净利润	提取保险责任准备金	提取保险责任准备金	集团财务系统	系统取数	月度	TPG000_ACC_000162	保险业务-提取保险责任准备金 	行集间计算	无	行集：150 提取未决赔款准备金+170 提取寿险责任准备金+190 提取长期健康险责任准备金		太寿	法定利润表
91	净利润	摊回保险责任准备金	摊回保险责任准备金	集团财务系统	系统取数	月度	TPG000_ACC_000163	保险业务-摊回保险责任准备金 	行集间计算	无	行集：160 减：摊回未决赔款准备金+180 减：摊回寿险责任准备金+200 减：摊回长期健康险责任准备金		太寿	法定利润表
92	净利润	提取农险保费准备金	提取农险保费准备金	集团财务系统	系统取数	月度	TPG000_ACC_000703	提取农险保费准备金	不适用	无	无		太寿	法定利润表
93	净利润	保单红利支出	保单红利支出	集团财务系统	系统取数	月度	TPG000_ACC_000164	保险业务-保单红利支出 	财务行集	2110014001/3公用利润表ROW	210 保单红利支出	剔除公司段：2110002和2110008	太寿	法定利润表
94	净利润	分保费用	分保费用	集团财务系统	系统取数	月度	TPG000_ACC_000139	营业支出-分保费用	财务行集	2110014001/3公用利润表ROW	220 分保费用	剔除公司段：2110002和2110008	太寿	法定利润表
95	净利润	税金及附加	税金及附加	集团财务系统	系统取数	月度	TPG000_ACC_000140	营业支出-营业税金及附加	财务行集	2110014001/3公用利润表ROW	230 税金及附加	剔除公司段：2110002和2110008	太寿	法定利润表
96	净利润	手续费及佣金支	手续费及佣金支	集团财务系统	系统取数	月度	TPG000_ACC_000141	营业支出-手续费及佣金支出	财务行集	2110014001/3公用利润表ROW	240 手续费及佣金支出	剔除公司段：2110002和2110008	太寿	法定利润表
97	净利润	业务及管理费	业务及管理费	集团财务系统	系统取数	月度	TPG000_ACC_000142	营业支出-业务及管理费	财务行集	2110014001/3公用利润表ROW	260 业务及管理费	剔除公司段：2110002和2110008	太寿	法定利润表
98	净利润	摊回分保费用	摊回分保费用	集团财务系统	系统取数	月度	TPG000_ACC_000143	营业支出-业务及管理费-摊回分保费用	财务行集	2110014001/3公用利润表ROW	270 减：摊回分保费用	剔除公司段：2110002和2110008	太寿	法定利润表
99	净利润	其他业务成本	其他业务成本	集团财务系统	系统取数	月度	TPG000_ACC_000144	营业支出-其他业务成本 	财务行集	2110014001/3公用利润表ROW	280 其他业务成本	剔除公司段：2110002和2110008	太寿	法定利润表
100	净利润	资产减值损失	资产减值损失	集团财务系统	系统取数	月度	TPG000_ACC_000145	营业支出-资产减值损失 	财务行集	2110014001/3公用利润表ROW	300 资产减值损失	剔除公司段：2110002和2110008	太寿	法定利润表
101	净利润	营业利润	营业利润	集团财务系统	系统取数	月度	TPG000_ACC_000146	营业利润-合计 	报表间计算	无	报表项：营业收入-营业支出	剔除公司段：2110002和2110008	太寿	法定利润表
102	净利润	营业外收入	营业外收入	集团财务系统	系统取数	月度	TPG000_ACC_000147	营业利润-营业外收入 	财务行集	2110014001/3公用利润表ROW	320 加：营业外收入	剔除公司段：2110002和2110008	太寿	法定利润表
103	净利润	营业外支出	营业外支出	集团财务系统	系统取数	月度	TPG000_ACC_000148	营业利润-营业外支出 	财务行集	2110014001/3公用利润表ROW	330 减：营业外支出	剔除公司段：2110002和2110008	太寿	法定利润表
104	净利润	利润总额	利润总额	集团财务系统	系统取数	月度	TPG000_ACC_000149	利润总额-合计 	报表间计算	无	报表项：营业利润+加：营业外收入-减：营业外支出		太寿	法定利润表
105	净利润	所得税费用	所得税费用	集团财务系统	系统取数	月度	TPG000_ACC_000150	利润总额-所得税费用 	财务行集	2110014001/3公用利润表ROW	360 减：所得税	剔除公司段：2110002和2110008	太寿	法定利润表
106	净利润	净利润	净利润	集团财务系统	系统取数	月度	TPG000_ACC_000151	净利润 	报表间计算	无	报表项：利润总额-减：所得税费用		太寿	法定利润表
109	净利润	营业收入	营业收入	集团财务系统	系统取数	月度	TPG000_ACC_000121	营业收入-合计 	财务行集	2200014001法定利润表	10  一、营业收入		太养	法定利润表
110	净利润	已赚保费	已赚保费	集团财务系统	系统取数	月度	TPG000_ACC_000122	营业收入-已赚保费 	财务行集	2200014001法定利润表	20      已赚保费		太养	法定利润表
111	净利润	保险业务收入	保险业务收入	集团财务系统	系统取数	月度	TPG000_ACC_000123	营业收入-已赚保费-保险业务收入 	财务行集	2200014001法定利润表	30      保险业务收入		太养	法定利润表
113	净利润	分出保费	分出保费	集团财务系统	系统取数	月度	TPG000_ACC_000125	营业收入-已赚保费-分出保费 	财务行集	2200014001法定利润表	50        减：分出保费		太养	法定利润表
114	净利润	提取未到期责任准备金	提取未到期责任准备金	集团财务系统	系统取数	月度	TPG000_ACC_000126	营业收入-已赚保费-提取未到期责任准备金 	行集间计算	2200014001法定利润表	"行集：60  提取未到期责任准备金+61 减：摊回未到期责任准备金
"		太养	法定利润表
115	净利润	投资收益	投资收益	集团财务系统	系统取数	月度	TPG000_ACC_000127	营业收入-投资收益 	财务行集	2200014001法定利润表	66     投资收益		太养	法定利润表
117	净利润	公允价值变动收益	公允价值变动收益	集团财务系统	系统取数	月度	TPG000_ACC_000129	营业收入-公允价值变动收益 	财务行集	2200014001法定利润表	67     公允价值变动收益		太养	法定利润表
118	净利润	汇兑收益	汇兑收益	集团财务系统	系统取数	月度	TPG000_ACC_000130	营业收入-汇兑收益 	财务行集	2200014001法定利润表	70     汇兑收益		太养	法定利润表
119	净利润	其他业务收入	其他业务收入	集团财务系统	系统取数	月度	TPG000_ACC_000131	营业收入-其他业务收入 	行集间计算	2200014001法定利润表	行集：62 养老金管理费收入+80 其他业务收入		太养	法定利润表
120	净利润	资产处置收益	资产处置收益	集团财务系统	系统取数	月度	TPG000_ACC_000689	资产处置收益	财务行集	2200014001法定利润表	105       资产处置收益		太养	法定利润表
121	净利润	其他收益	其他收益	集团财务系统	系统取数	月度	TPG000_ACC_000690	其他收益	财务行集	2200014001法定利润表	110        其他收益		太养	法定利润表
122	净利润	营业支出	营业支出	集团财务系统	系统取数	月度	TPG000_ACC_000132	营业支出-合计	财务行集	2200014001法定利润表	120 二、营业支出		太养	法定利润表
123	净利润	退保金	退保金	集团财务系统	系统取数	月度	TPG000_ACC_000161	保险业务-退保金 	财务行集	2200014001法定利润表	130     退保金		太养	法定利润表
124	净利润	赔付支出	赔付支出	集团财务系统	系统取数	月度	TPG000_ACC_000159	保险业务-赔付支出 	财务行集	2200014001法定利润表	140     赔付支出		太养	法定利润表
125	净利润	摊回赔付支出	摊回赔付支出	集团财务系统	系统取数	月度	TPG000_ACC_000160	保险业务-摊回赔付支出 	财务行集	2200014001法定利润表	150    减：摊回赔付支出		太养	法定利润表
126	净利润	提取保险责任准备金	提取保险责任准备金	集团财务系统	系统取数	月度	TPG000_ACC_000162	保险业务-提取保险责任准备金 	行集间计算	无	行集：160     提取未决赔款准备金+166     提取寿险责任准备金++173     提取长期健康险责任准备金		太养	法定利润表
127	净利润	摊回保险责任准备金	摊回保险责任准备金	集团财务系统	系统取数	月度	TPG000_ACC_000163	保险业务-摊回保险责任准备金 	行集间计算	无	行集：163     减：摊回未决赔款准备金+170     减：摊回寿险责任准备金+177     减：摊回长期健康险责任准备金		太养	法定利润表
128	净利润	提取农险保费准备金	提取农险保费准备金	集团财务系统	系统取数	月度	TPG000_ACC_000703	提取农险保费准备金	不适用	无	无		太养	法定利润表
129	净利润	保单红利支出	保单红利支出	集团财务系统	系统取数	月度	TPG000_ACC_000164	保险业务-保单红利支出 	财务行集	2200014001法定利润表	180     保单红利支出		太养	法定利润表
130	净利润	分保费用	分保费用	集团财务系统	系统取数	月度	TPG000_ACC_000139	营业支出-分保费用	财务行集	2200014001法定利润表	190     分保费用		太养	法定利润表
131	净利润	税金及附加	税金及附加	集团财务系统	系统取数	月度	TPG000_ACC_000140	营业支出-营业税金及附加	财务行集	2200014001法定利润表	200     税金及附加		太养	法定利润表
132	净利润	手续费及佣金支	手续费及佣金支	集团财务系统	系统取数	月度	TPG000_ACC_000141	营业支出-手续费及佣金支出	财务行集	2200014001法定利润表	205     手续费及佣金支出		太养	法定利润表
133	净利润	业务及管理费	业务及管理费	集团财务系统	系统取数	月度	TPG000_ACC_000142	营业支出-业务及管理费	财务行集	2200014001法定利润表	220     业务及管理费		太养	法定利润表
134	净利润	摊回分保费用	摊回分保费用	集团财务系统	系统取数	月度	TPG000_ACC_000143	营业支出-业务及管理费-摊回分保费用	财务行集	2200014001法定利润表	230     减：摊回分保费用		太养	法定利润表
135	净利润	其他业务成本	其他业务成本	集团财务系统	系统取数	月度	TPG000_ACC_000144	营业支出-其他业务成本 	财务行集	2200014001法定利润表	240     其他业务成本		太养	法定利润表
136	净利润	资产减值损失	资产减值损失	集团财务系统	系统取数	月度	TPG000_ACC_000145	营业支出-资产减值损失 	财务行集	2200014001法定利润表	250     资产减值损失		太养	法定利润表
137	净利润	营业利润	营业利润	集团财务系统	系统取数	月度	TPG000_ACC_000146	营业利润-合计 	财务行集	2200014001法定利润表	260 三、营业利润		太养	法定利润表
138	净利润	营业外收入	营业外收入	集团财务系统	系统取数	月度	TPG000_ACC_000147	营业利润-营业外收入 	财务行集	2200014001法定利润表	270     加：营业外收入		太养	法定利润表
139	净利润	营业外支出	营业外支出	集团财务系统	系统取数	月度	TPG000_ACC_000148	营业利润-营业外支出 	财务行集	2200014001法定利润表	280     减：营业外支出		太养	法定利润表
140	净利润	利润总额	利润总额	集团财务系统	系统取数	月度	TPG000_ACC_000149	利润总额-合计 	报表间计算	无	报表项：营业利润+加：营业外收入-减：营业外支出		太养	法定利润表
141	净利润	所得税费用	所得税费用	集团财务系统	系统取数	月度	TPG000_ACC_000150	利润总额-所得税费用 	财务行集	2200014001法定利润表	300     减：所得税费用		太养	法定利润表
142	净利润	净利润	净利润	集团财务系统	系统取数	月度	TPG000_ACC_000151	净利润 	报表间计算	无	报表项：利润总额-减：所得税费用		太养	法定利润表
145	净利润	营业收入	营业收入	集团财务系统	系统取数	月度	TPG000_ACC_000121	营业收入-合计 	财务行集	2800113004利润表（保险）	10 一、营业收入	需要剔除金服内部关联方交易发生的余额	金服	法定利润表
146	净利润	已赚保费	已赚保费	集团财务系统	系统取数	月度	TPG000_ACC_000122	营业收入-已赚保费 	不适用	无	无		金服	法定利润表
147	净利润	保险业务收入	保险业务收入	集团财务系统	系统取数	月度	TPG000_ACC_000123	营业收入-已赚保费-保险业务收入 	不适用	无	无		金服	法定利润表
149	净利润	分出保费	分出保费	集团财务系统	系统取数	月度	TPG000_ACC_000125	营业收入-已赚保费-分出保费 	不适用	无	无		金服	法定利润表
150	净利润	提取未到期责任准备金	提取未到期责任准备金	集团财务系统	系统取数	月度	TPG000_ACC_000126	营业收入-已赚保费-提取未到期责任准备金 	不适用	无	无		金服	法定利润表
151	净利润	投资收益	投资收益	集团财务系统	系统取数	月度	TPG000_ACC_000127	营业收入-投资收益 	财务行集	2800113004利润表（保险）	70 投资收益	需要剔除金服内部关联方交易发生的余额	金服	法定利润表
153	净利润	公允价值变动收益	公允价值变动收益	集团财务系统	系统取数	月度	TPG000_ACC_000129	营业收入-公允价值变动收益 	不适用	无	无		金服	法定利润表
154	净利润	汇兑收益	汇兑收益	集团财务系统	系统取数	月度	TPG000_ACC_000130	营业收入-汇兑收益 	不适用	无	无		金服	法定利润表
155	净利润	其他业务收入	其他业务收入	集团财务系统	系统取数	月度	TPG000_ACC_000131	营业收入-其他业务收入 	财务行集	2800113004利润表（保险）	110 其他业务收入	需要剔除金服内部关联方交易发生的余额	金服	法定利润表
156	净利润	资产处置收益	资产处置收益	集团财务系统	系统取数	月度	TPG000_ACC_000689	资产处置收益	不适用	无	无		金服	法定利润表
157	净利润	其他收益	其他收益	集团财务系统	系统取数	月度	TPG000_ACC_000690	其他收益	不适用	无	无		金服	法定利润表
158	净利润	营业支出	营业支出	集团财务系统	系统取数	月度	TPG000_ACC_000132	营业支出-合计	财务行集	2800113004利润表（保险）	140 二、营业支出	需要剔除金服内部关联方交易发生的余额	金服	法定利润表
159	净利润	退保金	退保金	集团财务系统	系统取数	月度	TPG000_ACC_000161	保险业务-退保金 	不适用	无	无		金服	法定利润表
160	净利润	赔付支出	赔付支出	集团财务系统	系统取数	月度	TPG000_ACC_000159	保险业务-赔付支出 	不适用	无	无		金服	法定利润表
161	净利润	摊回赔付支出	摊回赔付支出	集团财务系统	系统取数	月度	TPG000_ACC_000160	保险业务-摊回赔付支出 	不适用	无	无		金服	法定利润表
162	净利润	提取保险责任准备金	提取保险责任准备金	集团财务系统	系统取数	月度	TPG000_ACC_000162	保险业务-提取保险责任准备金 	不适用	无	无		金服	法定利润表
163	净利润	摊回保险责任准备金	摊回保险责任准备金	集团财务系统	系统取数	月度	TPG000_ACC_000163	保险业务-摊回保险责任准备金 	不适用	无	无		金服	法定利润表
164	净利润	提取农险保费准备金	提取农险保费准备金	集团财务系统	系统取数	月度	TPG000_ACC_000703	提取农险保费准备金	不适用	无	无		金服	法定利润表
165	净利润	保单红利支出	保单红利支出	集团财务系统	系统取数	月度	TPG000_ACC_000164	保险业务-保单红利支出 	不适用	无	无		金服	法定利润表
166	净利润	分保费用	分保费用	集团财务系统	系统取数	月度	TPG000_ACC_000139	营业支出-分保费用	不适用	无	无		金服	法定利润表
167	净利润	税金及附加	税金及附加	集团财务系统	系统取数	月度	TPG000_ACC_000140	营业支出-营业税金及附加	财务行集	2800113004利润表（保险）	220 税金及附加	需要剔除金服内部关联方交易发生的余额	金服	法定利润表
168	净利润	手续费及佣金支	手续费及佣金支	集团财务系统	系统取数	月度	TPG000_ACC_000141	营业支出-手续费及佣金支出	财务行集	2800113004利润表（保险）	230 手续费及佣金支出	需要剔除金服内部关联方交易发生的余额	金服	法定利润表
169	净利润	业务及管理费	业务及管理费	集团财务系统	系统取数	月度	TPG000_ACC_000142	营业支出-业务及管理费	财务行集	2800113004利润表（保险）	240 业务及管理费	需要剔除金服内部关联方交易发生的余额	金服	法定利润表
170	净利润	摊回分保费用	摊回分保费用	集团财务系统	系统取数	月度	TPG000_ACC_000143	营业支出-业务及管理费-摊回分保费用	不适用	无	无		金服	法定利润表
171	净利润	其他业务成本	其他业务成本	集团财务系统	系统取数	月度	TPG000_ACC_000144	营业支出-其他业务成本 	财务行集	2800113004利润表（保险）	260 其他业务成本	需要剔除金服内部关联方交易发生的余额	金服	法定利润表
172	净利润	资产减值损失	资产减值损失	集团财务系统	系统取数	月度	TPG000_ACC_000145	营业支出-资产减值损失 	不适用	无	无		金服	法定利润表
173	净利润	营业利润	营业利润	集团财务系统	系统取数	月度	TPG000_ACC_000146	营业利润-合计 	财务行集	2800113004利润表（保险）	280 三、营业利润	需要剔除金服内部关联方交易发生的余额	金服	法定利润表
174	净利润	营业外收入	营业外收入	集团财务系统	系统取数	月度	TPG000_ACC_000147	营业利润-营业外收入 	财务行集	2800113004利润表（保险）	290 加：营业外收入	需要剔除金服内部关联方交易发生的余额	金服	法定利润表
175	净利润	营业外支出	营业外支出	集团财务系统	系统取数	月度	TPG000_ACC_000148	营业利润-营业外支出 	财务行集	2800113004利润表（保险）	300 减：营业外支出	需要剔除金服内部关联方交易发生的余额	金服	法定利润表
176	净利润	利润总额	利润总额	集团财务系统	系统取数	月度	TPG000_ACC_000149	利润总额-合计 	财务行集	2800113004利润表（保险）	310 四、利润总额	需要剔除金服内部关联方交易发生的余额	金服	法定利润表
177	净利润	所得税费用	所得税费用	集团财务系统	系统取数	月度	TPG000_ACC_000150	利润总额-所得税费用 	不适用	无	无		金服	法定利润表
178	净利润	净利润	净利润	集团财务系统	系统取数	月度	TPG000_ACC_000151	净利润 	财务行集	2800113004利润表（保险）	330 五、净利润	需要剔除金服内部关联方交易发生的余额	金服	法定利润表
181	净利润	营业收入	营业收入	集团合并系统	系统取数	月度	TPG000_ACC_000121	营业收入-合计 	集团合并系统	法定利润表	"year=当前年份
Period=当前月份
Account_Code=科目编码
Views='YTD'
Currency='CNY'"	参考合并系统取数逻辑	太平再	法定利润表
182	净利润	已赚保费	已赚保费	集团合并系统	系统取数	月度	TPG000_ACC_000122	营业收入-已赚保费 	集团合并系统	法定利润表	"year=当前年份
Period=当前月份
Account_Code=科目编码
Views='YTD'
Currency='CNY'"	参考合并系统取数逻辑	太平再	法定利润表
183	净利润	保险业务收入	保险业务收入	集团合并系统	系统取数	月度	TPG000_ACC_000123	营业收入-已赚保费-保险业务收入 	集团合并系统	法定利润表	"year=当前年份
Period=当前月份
Account_Code=科目编码
Views='YTD'
Currency='CNY'"	参考合并系统取数逻辑	太平再	法定利润表
185	净利润	分出保费	分出保费	集团合并系统	系统取数	月度	TPG000_ACC_000125	营业收入-已赚保费-分出保费 	集团合并系统	法定利润表	"year=当前年份
Period=当前月份
Account_Code=科目编码
Views='YTD'
Currency='CNY'"	参考合并系统取数逻辑	太平再	法定利润表
186	净利润	提取未到期责任准备金	提取未到期责任准备金	集团合并系统	系统取数	月度	TPG000_ACC_000126	营业收入-已赚保费-提取未到期责任准备金 	集团合并系统	法定利润表	"year=当前年份
Period=当前月份
Account_Code=科目编码
Views='YTD'
Currency='CNY'"	参考合并系统取数逻辑	太平再	法定利润表
187	净利润	投资收益	投资收益	集团合并系统	系统取数	月度	TPG000_ACC_000127	营业收入-投资收益 	集团合并系统	法定利润表	"year=当前年份
Period=当前月份
Account_Code=科目编码
Views='YTD'
Currency='CNY'"	参考合并系统取数逻辑	太平再	法定利润表
189	净利润	公允价值变动收益	公允价值变动收益	集团合并系统	系统取数	月度	TPG000_ACC_000129	营业收入-公允价值变动收益 	集团合并系统	法定利润表	"year=当前年份
Period=当前月份
Account_Code=科目编码
Views='YTD'
Currency='CNY'"	参考合并系统取数逻辑	太平再	法定利润表
190	净利润	汇兑收益	汇兑收益	集团合并系统	系统取数	月度	TPG000_ACC_000130	营业收入-汇兑收益 	集团合并系统	法定利润表	"year=当前年份
Period=当前月份
Account_Code=科目编码
Views='YTD'
Currency='CNY'"	参考合并系统取数逻辑	太平再	法定利润表
191	净利润	其他业务收入	其他业务收入	集团合并系统	系统取数	月度	TPG000_ACC_000131	营业收入-其他业务收入 	集团合并系统	法定利润表	"year=当前年份
Period=当前月份
Account_Code=科目编码
Views='YTD'
Currency='CNY'"	参考合并系统取数逻辑	太平再	法定利润表
192	净利润	资产处置收益	资产处置收益	集团合并系统	系统取数	月度	TPG000_ACC_000689	资产处置收益	集团合并系统	法定利润表	"year=当前年份
Period=当前月份
Account_Code=科目编码
Views='YTD'
Currency='CNY'"	参考合并系统取数逻辑	太平再	法定利润表
193	净利润	其他收益	其他收益	集团合并系统	系统取数	月度	TPG000_ACC_000690	其他收益	集团合并系统	法定利润表	"year=当前年份
Period=当前月份
Account_Code=科目编码
Views='YTD'
Currency='CNY'"	参考合并系统取数逻辑	太平再	法定利润表
194	净利润	营业支出	营业支出	集团合并系统	系统取数	月度	TPG000_ACC_000132	营业支出-合计	集团合并系统	法定利润表	"year=当前年份
Period=当前月份
Account_Code=科目编码
Views='YTD'
Currency='CNY'"	参考合并系统取数逻辑	太平再	法定利润表
195	净利润	退保金	退保金	集团合并系统	系统取数	月度	TPG000_ACC_000161	保险业务-退保金 	集团合并系统	法定利润表	"year=当前年份
Period=当前月份
Account_Code=科目编码
Views='YTD'
Currency='CNY'"	参考合并系统取数逻辑	太平再	法定利润表
196	净利润	赔付支出	赔付支出	集团合并系统	系统取数	月度	TPG000_ACC_000159	保险业务-赔付支出 	集团合并系统	法定利润表	"year=当前年份
Period=当前月份
Account_Code=科目编码
Views='YTD'
Currency='CNY'"	参考合并系统取数逻辑	太平再	法定利润表
197	净利润	摊回赔付支出	摊回赔付支出	集团合并系统	系统取数	月度	TPG000_ACC_000160	保险业务-摊回赔付支出 	集团合并系统	法定利润表	"year=当前年份
Period=当前月份
Account_Code=科目编码
Views='YTD'
Currency='CNY'"	参考合并系统取数逻辑	太平再	法定利润表
198	净利润	提取保险责任准备金	提取保险责任准备金	集团合并系统	系统取数	月度	TPG000_ACC_000162	保险业务-提取保险责任准备金 	集团合并系统	法定利润表	"year=当前年份
Period=当前月份
Account_Code=科目编码
Views='YTD'
Currency='CNY'"	参考合并系统取数逻辑	太平再	法定利润表
199	净利润	摊回保险责任准备金	摊回保险责任准备金	集团合并系统	系统取数	月度	TPG000_ACC_000163	保险业务-摊回保险责任准备金 	集团合并系统	法定利润表	"year=当前年份
Period=当前月份
Account_Code=科目编码
Views='YTD'
Currency='CNY'"	参考合并系统取数逻辑	太平再	法定利润表
200	净利润	提取农险保费准备金	提取农险保费准备金	集团合并系统	系统取数	月度	TPG000_ACC_000703	提取农险保费准备金	集团合并系统	法定利润表	"year=当前年份
Period=当前月份
Account_Code=科目编码
Views='YTD'
Currency='CNY'"	参考合并系统取数逻辑	太平再	法定利润表
201	净利润	保单红利支出	保单红利支出	集团合并系统	系统取数	月度	TPG000_ACC_000164	保险业务-保单红利支出 	集团合并系统	法定利润表	"year=当前年份
Period=当前月份
Account_Code=科目编码
Views='YTD'
Currency='CNY'"	参考合并系统取数逻辑	太平再	法定利润表
202	净利润	分保费用	分保费用	集团合并系统	系统取数	月度	TPG000_ACC_000139	营业支出-分保费用	集团合并系统	法定利润表	"year=当前年份
Period=当前月份
Account_Code=科目编码
Views='YTD'
Currency='CNY'"	参考合并系统取数逻辑	太平再	法定利润表
203	净利润	税金及附加	税金及附加	集团合并系统	系统取数	月度	TPG000_ACC_000140	营业支出-营业税金及附加	集团合并系统	法定利润表	"year=当前年份
Period=当前月份
Account_Code=科目编码
Views='YTD'
Currency='CNY'"	参考合并系统取数逻辑	太平再	法定利润表
204	净利润	手续费及佣金支	手续费及佣金支	集团合并系统	系统取数	月度	TPG000_ACC_000141	营业支出-手续费及佣金支出	集团合并系统	法定利润表	"year=当前年份
Period=当前月份
Account_Code=科目编码
Views='YTD'
Currency='CNY'"	参考合并系统取数逻辑	太平再	法定利润表
205	净利润	业务及管理费	业务及管理费	集团合并系统	系统取数	月度	TPG000_ACC_000142	营业支出-业务及管理费	集团合并系统	法定利润表	"year=当前年份
Period=当前月份
Account_Code=科目编码
Views='YTD'
Currency='CNY'"	参考合并系统取数逻辑	太平再	法定利润表
206	净利润	摊回分保费用	摊回分保费用	集团合并系统	系统取数	月度	TPG000_ACC_000143	营业支出-业务及管理费-摊回分保费用	集团合并系统	法定利润表	"year=当前年份
Period=当前月份
Account_Code=科目编码
Views='YTD'
Currency='CNY'"	参考合并系统取数逻辑	太平再	法定利润表
207	净利润	其他业务成本	其他业务成本	集团合并系统	系统取数	月度	TPG000_ACC_000144	营业支出-其他业务成本 	集团合并系统	法定利润表	"year=当前年份
Period=当前月份
Account_Code=科目编码
Views='YTD'
Currency='CNY'"	参考合并系统取数逻辑	太平再	法定利润表
208	净利润	资产减值损失	资产减值损失	集团合并系统	系统取数	月度	TPG000_ACC_000145	营业支出-资产减值损失 	集团合并系统	法定利润表	"year=当前年份
Period=当前月份
Account_Code=科目编码
Views='YTD'
Currency='CNY'"	参考合并系统取数逻辑	太平再	法定利润表
209	净利润	营业利润	营业利润	集团合并系统	系统取数	月度	TPG000_ACC_000146	营业利润-合计 	集团合并系统	法定利润表	"year=当前年份
Period=当前月份
Account_Code=科目编码
Views='YTD'
Currency='CNY'"	参考合并系统取数逻辑	太平再	法定利润表
210	净利润	营业外收入	营业外收入	集团合并系统	系统取数	月度	TPG000_ACC_000147	营业利润-营业外收入 	集团合并系统	法定利润表	"year=当前年份
Period=当前月份
Account_Code=科目编码
Views='YTD'
Currency='CNY'"	参考合并系统取数逻辑	太平再	法定利润表
211	净利润	营业外支出	营业外支出	集团合并系统	系统取数	月度	TPG000_ACC_000148	营业利润-营业外支出 	集团合并系统	法定利润表	"year=当前年份
Period=当前月份
Account_Code=科目编码
Views='YTD'
Currency='CNY'"	参考合并系统取数逻辑	太平再	法定利润表
212	净利润	利润总额	利润总额	集团合并系统	系统取数	月度	TPG000_ACC_000149	利润总额-合计 	集团合并系统	法定利润表	"year=当前年份
Period=当前月份
Account_Code=科目编码
Views='YTD'
Currency='CNY'"	参考合并系统取数逻辑	太平再	法定利润表
213	净利润	所得税费用	所得税费用	集团合并系统	系统取数	月度	TPG000_ACC_000150	利润总额-所得税费用 	集团合并系统	法定利润表	"year=当前年份
Period=当前月份
Account_Code=科目编码
Views='YTD'
Currency='CNY'"	参考合并系统取数逻辑	太平再	法定利润表
214	净利润	净利润	净利润	集团合并系统	系统取数	月度	TPG000_ACC_000151	净利润 	集团合并系统	法定利润表	"year=当前年份
Period=当前月份
Account_Code=科目编码
Views='YTD'
Currency='CNY'"	参考合并系统取数逻辑	太平再	法定利润表
217	净利润	营业收入	营业收入	集团财务系统	系统取数	月度	TPG000_ACC_000121	营业收入-合计 	财务行集	0000014002利润表	10 一、营业收入		太平英国	法定利润表
218	净利润	已赚保费	已赚保费	集团财务系统	系统取数	月度	TPG000_ACC_000122	营业收入-已赚保费 	财务行集	0000014002利润表	20  已赚保费		太平英国	法定利润表
219	净利润	保险业务收入	保险业务收入	集团财务系统	系统取数	月度	TPG000_ACC_000123	营业收入-已赚保费-保险业务收入 	财务行集	0000014002利润表	30 保险业务收入		太平英国	法定利润表
221	净利润	分出保费	分出保费	集团财务系统	系统取数	月度	TPG000_ACC_000125	营业收入-已赚保费-分出保费 	财务行集	0000014002利润表	50   减：分出保费		太平英国	法定利润表
222	净利润	提取未到期责任准备金	提取未到期责任准备金	集团财务系统	系统取数	月度	TPG000_ACC_000126	营业收入-已赚保费-提取未到期责任准备金 	财务行集	0000014002利润表	60   提取未到期责任准备金		太平英国	法定利润表
223	净利润	投资收益	投资收益	集团财务系统	系统取数	月度	TPG000_ACC_000127	营业收入-投资收益 	行集间计算	0000014002利润表	70 投资收益+110   其他业务收入		太平英国	法定利润表
225	净利润	公允价值变动收益	公允价值变动收益	集团财务系统	系统取数	月度	TPG000_ACC_000129	营业收入-公允价值变动收益 	财务行集	0000014002利润表	90 公允价值变动收益		太平英国	法定利润表
226	净利润	汇兑收益	汇兑收益	集团财务系统	系统取数	月度	TPG000_ACC_000130	营业收入-汇兑收益 	财务行集	0000014002利润表	100   汇兑收益		太平英国	法定利润表
227	净利润	其他业务收入	其他业务收入	不适用		月度	TPG000_ACC_000131	营业收入-其他业务收入 	不适用	无	无	    	太平英国	法定利润表
228	净利润	资产处置收益	资产处置收益	不适用		月度	TPG000_ACC_000689	资产处置收益	不适用	无	无		太平英国	法定利润表
229	净利润	其他收益	其他收益	不适用		月度	TPG000_ACC_000690	其他收益	不适用	无	无		太平英国	法定利润表
230	净利润	营业支出	营业支出	集团财务系统	系统取数	月度	TPG000_ACC_000132	营业支出-合计	财务行集	0000014002利润表	120 二、营业支出		太平英国	法定利润表
231	净利润	退保金	退保金	集团财务系统	系统取数	月度	TPG000_ACC_000161	保险业务-退保金 	财务行集	0000014002利润表	130    退保金		太平英国	法定利润表
232	净利润	赔付支出	赔付支出	集团财务系统	系统取数	月度	TPG000_ACC_000159	保险业务-赔付支出 	财务行集	4300123001承保损益表	15 Claims Paid		太平英国	法定利润表
233	净利润	摊回赔付支出	摊回赔付支出	集团财务系统	系统取数	月度	TPG000_ACC_000160	保险业务-摊回赔付支出 	财务行集	0000014002利润表	150    减：摊回赔付支出		太平英国	法定利润表
234	净利润	提取保险责任准备金	提取保险责任准备金	集团财务系统	系统取数	月度	TPG000_ACC_000162	保险业务-提取保险责任准备金 	财务行集	0000014002利润表	160  提取保险责任准备金		太平英国	法定利润表
235	净利润	摊回保险责任准备金	摊回保险责任准备金	集团财务系统	系统取数	月度	TPG000_ACC_000163	保险业务-摊回保险责任准备金 	财务行集	0000014002利润表	170    减：摊回保险责任		太平英国	法定利润表
236	净利润	提取农险保费准备金	提取农险保费准备金	不适用		月度	TPG000_ACC_000703	提取农险保费准备金	不适用	无	无	      	太平英国	法定利润表
237	净利润	保单红利支出	保单红利支出	不适用		月度	TPG000_ACC_000164	保险业务-保单红利支出 	不适用	无	无		太平英国	法定利润表
238	净利润	分保费用	分保费用	集团财务系统	系统取数	月度	TPG000_ACC_000139	营业支出-分保费用	财务行集	0000014002利润表	190   分保费用		太平英国	法定利润表
239	净利润	税金及附加	税金及附加	集团财务系统	系统取数	月度	TPG000_ACC_000140	营业支出-营业税金及附加	财务行集	0000014002利润表	200    税金及附加		太平英国	法定利润表
240	净利润	手续费及佣金支	手续费及佣金支	集团财务系统	系统取数	月度	TPG000_ACC_000141	营业支出-手续费及佣金支出	财务行集	0000014002利润表	210   手续费及佣金支出		太平英国	法定利润表
241	净利润	业务及管理费	业务及管理费	集团财务系统	系统取数	月度	TPG000_ACC_000142	营业支出-业务及管理费	行集和表间计算	0000014002利润表	220   业务及管理费+140   赔付支出-报表项 赔付支出		太平英国	法定利润表
242	净利润	摊回分保费用	摊回分保费用	集团财务系统	系统取数	月度	TPG000_ACC_000143	营业支出-业务及管理费-摊回分保费用	财务行集	0000014002利润表	230    减：摊回分保费用		太平英国	法定利润表
243	净利润	其他业务成本	其他业务成本	集团财务系统	系统取数	月度	TPG000_ACC_000144	营业支出-其他业务成本 	财务行集	0000014002利润表	240    其他业务成本		太平英国	法定利润表
244	净利润	资产减值损失	资产减值损失	集团财务系统	系统取数	月度	TPG000_ACC_000145	营业支出-资产减值损失 	财务行集	0000014002利润表	250    资产减值损失		太平英国	法定利润表
245	净利润	营业利润	营业利润	集团财务系统	系统取数	月度	TPG000_ACC_000146	营业利润-合计 	财务行集	0000014002利润表	260 三、营业利润		太平英国	法定利润表
246	净利润	营业外收入	营业外收入	集团财务系统	系统取数	月度	TPG000_ACC_000147	营业利润-营业外收入 	财务行集	0000014002利润表	270  加：营业外收入		太平英国	法定利润表
247	净利润	营业外支出	营业外支出	集团财务系统	系统取数	月度	TPG000_ACC_000148	营业利润-营业外支出 	财务行集	0000014002利润表	280  减：营业外支出		太平英国	法定利润表
248	净利润	利润总额	利润总额	集团财务系统	系统取数	月度	TPG000_ACC_000149	利润总额-合计 	财务行集	0000014002利润表	290 四、利润总额		太平英国	法定利润表
249	净利润	所得税费用	所得税费用	集团财务系统	系统取数	月度	TPG000_ACC_000150	利润总额-所得税费用 	财务行集	0000014002利润表	300 减：所得税费用		太平英国	法定利润表
250	净利润	净利润	净利润	集团财务系统	系统取数	月度	TPG000_ACC_000151	净利润 	财务行集	0000014002利润表	310 五、净利润		太平英国	法定利润表
253	净利润	营业收入	营业收入	集团财务系统	系统取数	月度	TPG000_ACC_000121	营业收入-合计 	财务行集	3300213002 法定利润表_行	10 一、营业收入	公司段Segment1:(330021,330029，330026)	太平新加坡	法定利润表
254	净利润	已赚保费	已赚保费	集团财务系统	系统取数	月度	TPG000_ACC_000122	营业收入-已赚保费 	财务行集	3300213002 法定利润表_行	20      已赚保费	公司段Segment1:(330021,330029，330026)	太平新加坡	法定利润表
255	净利润	保险业务收入	保险业务收入	集团财务系统	系统取数	月度	TPG000_ACC_000123	营业收入-已赚保费-保险业务收入 	财务行集	3300213002 法定利润表_行	30      保险业务收入	公司段Segment1:(330021,330029，330026)	太平新加坡	法定利润表
257	净利润	分出保费	分出保费	集团财务系统	系统取数	月度	TPG000_ACC_000125	营业收入-已赚保费-分出保费 	财务行集	3300213002 法定利润表_行	50      减：分出保费	公司段Segment1:(330021,330029，330026)	太平新加坡	法定利润表
258	净利润	提取未到期责任准备金	提取未到期责任准备金	集团财务系统	系统取数	月度	TPG000_ACC_000126	营业收入-已赚保费-提取未到期责任准备金 	财务行集	3300213002 法定利润表_行	60      提取未到期责任准备金、	公司段Segment1:(330021,330029，330026)	太平新加坡	法定利润表
259	净利润	投资收益	投资收益	集团财务系统	系统取数	月度	TPG000_ACC_000127	营业收入-投资收益 	财务行集	3300213002 法定利润表_行	70      投资收益	公司段Segment1:(330021,330029，330026)	太平新加坡	法定利润表
261	净利润	公允价值变动收益	公允价值变动收益	集团财务系统	系统取数	月度	TPG000_ACC_000129	营业收入-公允价值变动收益 	财务行集	3300213002 法定利润表_行	90      公允价值变动收益	公司段Segment1:(330021,330029，330026)	太平新加坡	法定利润表
262	净利润	汇兑收益	汇兑收益	集团财务系统	系统取数	月度	TPG000_ACC_000130	营业收入-汇兑收益 	财务行集	3300213002 法定利润表_行	100      汇兑收益/(损失)	公司段Segment1:(330021,330029，330026)	太平新加坡	法定利润表
263	净利润	其他业务收入	其他业务收入	集团财务系统	系统取数	月度	TPG000_ACC_000131	营业收入-其他业务收入 	财务行集	3300213002 法定利润表_行	110      其他业务收入	公司段Segment1:(330021,330029，330026)	太平新加坡	法定利润表
264	净利润	资产处置收益	资产处置收益	不适用		月度	TPG000_ACC_000689	资产处置收益	不适用	无	无		太平新加坡	法定利润表
265	净利润	其他收益	其他收益	不适用		月度	TPG000_ACC_000690	其他收益	不适用	无	无		太平新加坡	法定利润表
266	净利润	营业支出	营业支出	集团财务系统	系统取数	月度	TPG000_ACC_000132	营业支出-合计	财务行集	3300213002 法定利润表_行	120  二、营业支出	公司段Segment1:(330021,330029，330026)	太平新加坡	法定利润表
267	净利润	退保金	退保金	不适用		月度	TPG000_ACC_000161	保险业务-退保金 	不适用	无	无		太平新加坡	法定利润表
268	净利润	赔付支出	赔付支出	集团财务系统	系统取数	月度	TPG000_ACC_000159	保险业务-赔付支出 	财务行集	3300213002 法定利润表_行	140      赔付支出	公司段Segment1:(330021,330029，330026)	太平新加坡	法定利润表
269	净利润	摊回赔付支出	摊回赔付支出	集团财务系统	系统取数	月度	TPG000_ACC_000160	保险业务-摊回赔付支出 	财务行集	3300213002 法定利润表_行	150      减：摊回赔付支出	公司段Segment1:(330021,330029，330026)	太平新加坡	法定利润表
270	净利润	提取保险责任准备金	提取保险责任准备金	集团财务系统	系统取数	月度	TPG000_ACC_000162	保险业务-提取保险责任准备金 	财务行集	3300213002 法定利润表_行	160      提取保险责任准备金	公司段Segment1:(330021,330029，330026)	太平新加坡	法定利润表
271	净利润	摊回保险责任准备金	摊回保险责任准备金	集团财务系统	系统取数	月度	TPG000_ACC_000163	保险业务-摊回保险责任准备金 	财务行集	3300213002 法定利润表_行	170      减：摊回保险责任准备金	公司段Segment1:(330021,330029，330026)	太平新加坡	法定利润表
272	净利润	提取农险保费准备金	提取农险保费准备金	不适用		月度	TPG000_ACC_000703	提取农险保费准备金	不适用	无	无		太平新加坡	法定利润表
273	净利润	保单红利支出	保单红利支出	不适用		月度	TPG000_ACC_000164	保险业务-保单红利支出 	不适用	无	无		太平新加坡	法定利润表
274	净利润	分保费用	分保费用	集团财务系统	系统取数	月度	TPG000_ACC_000139	营业支出-分保费用	财务行集	3300213002 法定利润表_行	190      分保费用	公司段Segment1:(330021,330029，330026)	太平新加坡	法定利润表
275	净利润	税金及附加	税金及附加	集团财务系统	系统取数	月度	TPG000_ACC_000140	营业支出-营业税金及附加	财务行集	3300213002 法定利润表_行	200       营业税金及附加	公司段Segment1:(330021,330029，330026)	太平新加坡	法定利润表
276	净利润	手续费及佣金支	手续费及佣金支	集团财务系统	系统取数	月度	TPG000_ACC_000141	营业支出-手续费及佣金支出	财务行集	3300213002 法定利润表_行	210      手续费及佣金支出	公司段Segment1:(330021,330029，330026)	太平新加坡	法定利润表
277	净利润	业务及管理费	业务及管理费	集团财务系统	系统取数	月度	TPG000_ACC_000142	营业支出-业务及管理费	财务行集	3300213002 法定利润表_行	220      业务及管理费	公司段Segment1:(330021,330029，330026)	太平新加坡	法定利润表
278	净利润	摊回分保费用	摊回分保费用	集团财务系统	系统取数	月度	TPG000_ACC_000143	营业支出-业务及管理费-摊回分保费用	财务行集	3300213002 法定利润表_行	230      减：摊回分保费用	公司段Segment1:(330021,330029，330026)	太平新加坡	法定利润表
279	净利润	其他业务成本	其他业务成本	集团财务系统	系统取数	月度	TPG000_ACC_000144	营业支出-其他业务成本 	财务行集	3300213002 法定利润表_行	240      其他业务成本	公司段Segment1:(330021,330029，330026)	太平新加坡	法定利润表
280	净利润	资产减值损失	资产减值损失	集团财务系统	系统取数	月度	TPG000_ACC_000145	营业支出-资产减值损失 	财务行集	3300213002 法定利润表_行	250      资产减值损失	公司段Segment1:(330021,330029，330026)	太平新加坡	法定利润表
281	净利润	营业利润	营业利润	集团财务系统	系统取数	月度	TPG000_ACC_000146	营业利润-合计 	财务行集	3300213002 法定利润表_行	260 三、营业利润	公司段Segment1:(330021,330029，330026)	太平新加坡	法定利润表
282	净利润	营业外收入	营业外收入	集团财务系统	系统取数	月度	TPG000_ACC_000147	营业利润-营业外收入 	财务行集	3300213002 法定利润表_行	270      加：营业外收入	公司段Segment1:(330021,330029，330026)	太平新加坡	法定利润表
283	净利润	营业外支出	营业外支出	集团财务系统	系统取数	月度	TPG000_ACC_000148	营业利润-营业外支出 	财务行集	3300213002 法定利润表_行	280      减：营业外支出	公司段Segment1:(330021,330029，330026)	太平新加坡	法定利润表
284	净利润	利润总额	利润总额	集团财务系统	系统取数	月度	TPG000_ACC_000149	利润总额-合计 	财务行集	3300213002 法定利润表_行	290 四、利润总额	公司段Segment1:(330021,330029，330026)	太平新加坡	法定利润表
285	净利润	所得税费用	所得税费用	集团财务系统	系统取数	月度	TPG000_ACC_000150	利润总额-所得税费用 	财务行集	3300213002 法定利润表_行	300      减：所得税费用	公司段Segment1:(330021,330029，330026)	太平新加坡	法定利润表
286	净利润	净利润	净利润	集团财务系统	系统取数	月度	TPG000_ACC_000151	净利润 	财务行集	3300213002 法定利润表_行	310 五、净利润	公司段Segment1:(330021,330029，330026)	太平新加坡	法定利润表
289	净利润	营业收入	营业收入	集团财务系统	系统取数	月度	TPG000_ACC_000121	营业收入-合计 	财务行集	3300213002 法定利润表_行	10 一、营业收入	产险公司段Segment1:(330021,330029)	新加坡产险	法定利润表
290	净利润	已赚保费	已赚保费	集团财务系统	系统取数	月度	TPG000_ACC_000122	营业收入-已赚保费 	财务行集	3300213002 法定利润表_行	20      已赚保费	产险公司段Segment1:(330021,330029)	新加坡产险	法定利润表
291	净利润	保险业务收入	保险业务收入	集团财务系统	系统取数	月度	TPG000_ACC_000123	营业收入-已赚保费-保险业务收入 	财务行集	3300213002 法定利润表_行	30      保险业务收入	产险公司段Segment1:(330021,330029)	新加坡产险	法定利润表
293	净利润	分出保费	分出保费	集团财务系统	系统取数	月度	TPG000_ACC_000125	营业收入-已赚保费-分出保费 	财务行集	3300213002 法定利润表_行	50      减：分出保费	产险公司段Segment1:(330021,330029)	新加坡产险	法定利润表
294	净利润	提取未到期责任准备金	提取未到期责任准备金	集团财务系统	系统取数	月度	TPG000_ACC_000126	营业收入-已赚保费-提取未到期责任准备金 	财务行集	3300213002 法定利润表_行	60      提取未到期责任准备金、	产险公司段Segment1:(330021,330029)	新加坡产险	法定利润表
295	净利润	投资收益	投资收益	集团财务系统	系统取数	月度	TPG000_ACC_000127	营业收入-投资收益 	财务行集	3300213002 法定利润表_行	70      投资收益	产险公司段Segment1:(330021,330029)	新加坡产险	法定利润表
297	净利润	公允价值变动收益	公允价值变动收益	集团财务系统	系统取数	月度	TPG000_ACC_000129	营业收入-公允价值变动收益 	财务行集	3300213002 法定利润表_行	90      公允价值变动收益	产险公司段Segment1:(330021,330029)	新加坡产险	法定利润表
298	净利润	汇兑收益	汇兑收益	集团财务系统	系统取数	月度	TPG000_ACC_000130	营业收入-汇兑收益 	财务行集	3300213002 法定利润表_行	100      汇兑收益/(损失)	产险公司段Segment1:(330021,330029)	新加坡产险	法定利润表
299	净利润	其他业务收入	其他业务收入	集团财务系统	系统取数	月度	TPG000_ACC_000131	营业收入-其他业务收入 	财务行集	3300213002 法定利润表_行	110      其他业务收入	产险公司段Segment1:(330021,330029)	新加坡产险	法定利润表
300	净利润	资产处置收益	资产处置收益	不适用		月度	TPG000_ACC_000689	资产处置收益	不适用	无	无		新加坡产险	法定利润表
301	净利润	其他收益	其他收益	不适用		月度	TPG000_ACC_000690	其他收益	不适用	无	无		新加坡产险	法定利润表
302	净利润	营业支出	营业支出	集团财务系统	系统取数	月度	TPG000_ACC_000132	营业支出-合计	财务行集	3300213002 法定利润表_行	120  二、营业支出	产险公司段Segment1:(330021,330029)	新加坡产险	法定利润表
303	净利润	退保金	退保金	不适用		月度	TPG000_ACC_000161	保险业务-退保金 	不适用	无	无		新加坡产险	法定利润表
304	净利润	赔付支出	赔付支出	集团财务系统	系统取数	月度	TPG000_ACC_000159	保险业务-赔付支出 	财务行集	3300213002 法定利润表_行	140      赔付支出	产险公司段Segment1:(330021,330029)	新加坡产险	法定利润表
305	净利润	摊回赔付支出	摊回赔付支出	集团财务系统	系统取数	月度	TPG000_ACC_000160	保险业务-摊回赔付支出 	财务行集	3300213002 法定利润表_行	150      减：摊回赔付支出	产险公司段Segment1:(330021,330029)	新加坡产险	法定利润表
306	净利润	提取保险责任准备金	提取保险责任准备金	集团财务系统	系统取数	月度	TPG000_ACC_000162	保险业务-提取保险责任准备金 	财务行集	3300213002 法定利润表_行	160      提取保险责任准备金	产险公司段Segment1:(330021,330029)	新加坡产险	法定利润表
307	净利润	摊回保险责任准备金	摊回保险责任准备金	集团财务系统	系统取数	月度	TPG000_ACC_000163	保险业务-摊回保险责任准备金 	财务行集	3300213002 法定利润表_行	170      减：摊回保险责任准备金	产险公司段Segment1:(330021,330029)	新加坡产险	法定利润表
308	净利润	提取农险保费准备金	提取农险保费准备金	不适用		月度	TPG000_ACC_000703	提取农险保费准备金	不适用	无	无		新加坡产险	法定利润表
309	净利润	保单红利支出	保单红利支出	不适用		月度	TPG000_ACC_000164	保险业务-保单红利支出 	不适用	无	无		新加坡产险	法定利润表
310	净利润	分保费用	分保费用	集团财务系统	系统取数	月度	TPG000_ACC_000139	营业支出-分保费用	财务行集	3300213002 法定利润表_行	190      分保费用	产险公司段Segment1:(330021,330029)	新加坡产险	法定利润表
311	净利润	税金及附加	税金及附加	集团财务系统	系统取数	月度	TPG000_ACC_000140	营业支出-营业税金及附加	财务行集	3300213002 法定利润表_行	200       营业税金及附加	产险公司段Segment1:(330021,330029)	新加坡产险	法定利润表
312	净利润	手续费及佣金支	手续费及佣金支	集团财务系统	系统取数	月度	TPG000_ACC_000141	营业支出-手续费及佣金支出	财务行集	3300213002 法定利润表_行	210      手续费及佣金支出	产险公司段Segment1:(330021,330029)	新加坡产险	法定利润表
313	净利润	业务及管理费	业务及管理费	集团财务系统	系统取数	月度	TPG000_ACC_000142	营业支出-业务及管理费	财务行集	3300213002 法定利润表_行	220      业务及管理费	产险公司段Segment1:(330021,330029)	新加坡产险	法定利润表
314	净利润	摊回分保费用	摊回分保费用	集团财务系统	系统取数	月度	TPG000_ACC_000143	营业支出-业务及管理费-摊回分保费用	财务行集	3300213002 法定利润表_行	230      减：摊回分保费用	产险公司段Segment1:(330021,330029)	新加坡产险	法定利润表
315	净利润	其他业务成本	其他业务成本	集团财务系统	系统取数	月度	TPG000_ACC_000144	营业支出-其他业务成本 	财务行集	3300213002 法定利润表_行	240      其他业务成本	产险公司段Segment1:(330021,330029)	新加坡产险	法定利润表
316	净利润	资产减值损失	资产减值损失	集团财务系统	系统取数	月度	TPG000_ACC_000145	营业支出-资产减值损失 	财务行集	3300213002 法定利润表_行	250      资产减值损失	产险公司段Segment1:(330021,330029)	新加坡产险	法定利润表
317	净利润	营业利润	营业利润	集团财务系统	系统取数	月度	TPG000_ACC_000146	营业利润-合计 	财务行集	3300213002 法定利润表_行	260 三、营业利润	产险公司段Segment1:(330021,330029)	新加坡产险	法定利润表
318	净利润	营业外收入	营业外收入	集团财务系统	系统取数	月度	TPG000_ACC_000147	营业利润-营业外收入 	财务行集	3300213002 法定利润表_行	270      加：营业外收入	产险公司段Segment1:(330021,330029)	新加坡产险	法定利润表
319	净利润	营业外支出	营业外支出	集团财务系统	系统取数	月度	TPG000_ACC_000148	营业利润-营业外支出 	财务行集	3300213002 法定利润表_行	280      减：营业外支出	产险公司段Segment1:(330021,330029)	新加坡产险	法定利润表
320	净利润	利润总额	利润总额	集团财务系统	系统取数	月度	TPG000_ACC_000149	利润总额-合计 	财务行集	3300213002 法定利润表_行	290 四、利润总额	产险公司段Segment1:(330021,330029)	新加坡产险	法定利润表
321	净利润	所得税费用	所得税费用	集团财务系统	系统取数	月度	TPG000_ACC_000150	利润总额-所得税费用 	财务行集	3300213002 法定利润表_行	300      减：所得税费用	产险公司段Segment1:(330021,330029)	新加坡产险	法定利润表
322	净利润	净利润	净利润	集团财务系统	系统取数	月度	TPG000_ACC_000151	净利润 	财务行集	3300213002 法定利润表_行	310 五、净利润	产险公司段Segment1:(330021,330029)	新加坡产险	法定利润表
325	净利润	营业收入	营业收入	集团财务系统	系统取数	月度	TPG000_ACC_000121	营业收入-合计 	财务行集	3300213002 法定利润表_行	10 一、营业收入	寿险公司段Segment1：330026	新加坡寿险	法定利润表
326	净利润	已赚保费	已赚保费	集团财务系统	系统取数	月度	TPG000_ACC_000122	营业收入-已赚保费 	财务行集	3300213002 法定利润表_行	20      已赚保费	寿险公司段Segment1：330026	新加坡寿险	法定利润表
327	净利润	保险业务收入	保险业务收入	集团财务系统	系统取数	月度	TPG000_ACC_000123	营业收入-已赚保费-保险业务收入 	财务行集	3300213002 法定利润表_行	30      保险业务收入	寿险公司段Segment1：330026	新加坡寿险	法定利润表
329	净利润	分出保费	分出保费	不适用		月度	TPG000_ACC_000125	营业收入-已赚保费-分出保费 	不适用	无	无		新加坡寿险	法定利润表
330	净利润	提取未到期责任准备金	提取未到期责任准备金	不适用		月度	TPG000_ACC_000126	营业收入-已赚保费-提取未到期责任准备金 	不适用	无	无		新加坡寿险	法定利润表
331	净利润	投资收益	投资收益	集团财务系统	系统取数	月度	TPG000_ACC_000127	营业收入-投资收益 	财务行集	3300213002 法定利润表_行	70      投资收益	寿险公司段Segment1：330026	新加坡寿险	法定利润表
333	净利润	公允价值变动收益	公允价值变动收益	集团财务系统	系统取数	月度	TPG000_ACC_000129	营业收入-公允价值变动收益 	财务行集	3300213002 法定利润表_行	90      公允价值变动收益	寿险公司段Segment1：330026	新加坡寿险	法定利润表
334	净利润	汇兑收益	汇兑收益	集团财务系统	系统取数	月度	TPG000_ACC_000130	营业收入-汇兑收益 	财务行集	3300213002 法定利润表_行	100      汇兑收益/(损失)	寿险公司段Segment1：330026	新加坡寿险	法定利润表
335	净利润	其他业务收入	其他业务收入	不适用		月度	TPG000_ACC_000131	营业收入-其他业务收入 	不适用	无	无		新加坡寿险	法定利润表
336	净利润	资产处置收益	资产处置收益	不适用		月度	TPG000_ACC_000689	资产处置收益	不适用	无	无		新加坡寿险	法定利润表
337	净利润	其他收益	其他收益	不适用		月度	TPG000_ACC_000690	其他收益	不适用	无	无		新加坡寿险	法定利润表
338	净利润	营业支出	营业支出	集团财务系统	系统取数	月度	TPG000_ACC_000132	营业支出-合计	财务行集	3300213002 法定利润表_行	120  二、营业支出	寿险公司段Segment1：330026	新加坡寿险	法定利润表
339	净利润	退保金	退保金	不适用		月度	TPG000_ACC_000161	保险业务-退保金 	不适用	无	无		新加坡寿险	法定利润表
340	净利润	赔付支出	赔付支出	不适用		月度	TPG000_ACC_000159	保险业务-赔付支出 	不适用	无	无		新加坡寿险	法定利润表
341	净利润	摊回赔付支出	摊回赔付支出	不适用		月度	TPG000_ACC_000160	保险业务-摊回赔付支出 	不适用	无	无		新加坡寿险	法定利润表
342	净利润	提取保险责任准备金	提取保险责任准备金	集团财务系统	系统取数	月度	TPG000_ACC_000162	保险业务-提取保险责任准备金 	财务行集	3300213002 法定利润表_行	160      提取保险责任准备金	寿险公司段Segment1：330026	新加坡寿险	法定利润表
343	净利润	摊回保险责任准备金	摊回保险责任准备金	不适用		月度	TPG000_ACC_000163	保险业务-摊回保险责任准备金 	不适用	无	无		新加坡寿险	法定利润表
344	净利润	提取农险保费准备金	提取农险保费准备金	不适用		月度	TPG000_ACC_000703	提取农险保费准备金	不适用	无	无		新加坡寿险	法定利润表
345	净利润	保单红利支出	保单红利支出	不适用		月度	TPG000_ACC_000164	保险业务-保单红利支出 	不适用	无	无		新加坡寿险	法定利润表
346	净利润	分保费用	分保费用	不适用		月度	TPG000_ACC_000139	营业支出-分保费用	不适用	无	无		新加坡寿险	法定利润表
347	净利润	税金及附加	税金及附加	不适用		月度	TPG000_ACC_000140	营业支出-营业税金及附加	不适用	无	无		新加坡寿险	法定利润表
348	净利润	手续费及佣金支	手续费及佣金支	集团财务系统	系统取数	月度	TPG000_ACC_000141	营业支出-手续费及佣金支出	财务行集	3300213002 法定利润表_行	210      手续费及佣金支出	寿险公司段Segment1：330026	新加坡寿险	法定利润表
349	净利润	业务及管理费	业务及管理费	集团财务系统	系统取数	月度	TPG000_ACC_000142	营业支出-业务及管理费	财务行集	3300213002 法定利润表_行	220      业务及管理费	寿险公司段Segment1：330026	新加坡寿险	法定利润表
350	净利润	摊回分保费用	摊回分保费用	不适用		月度	TPG000_ACC_000143	营业支出-业务及管理费-摊回分保费用	不适用	无	无		新加坡寿险	法定利润表
351	净利润	其他业务成本	其他业务成本	不适用		月度	TPG000_ACC_000144	营业支出-其他业务成本 	不适用	无	无		新加坡寿险	法定利润表
352	净利润	资产减值损失	资产减值损失	不适用		月度	TPG000_ACC_000145	营业支出-资产减值损失 	不适用	无	无		新加坡寿险	法定利润表
353	净利润	营业利润	营业利润	集团财务系统	系统取数	月度	TPG000_ACC_000146	营业利润-合计 	财务行集	3300213002 法定利润表_行	260 三、营业利润	寿险公司段Segment1：330026	新加坡寿险	法定利润表
354	净利润	营业外收入	营业外收入	不适用		月度	TPG000_ACC_000147	营业利润-营业外收入 	不适用	无	无		新加坡寿险	法定利润表
355	净利润	营业外支出	营业外支出	不适用		月度	TPG000_ACC_000148	营业利润-营业外支出 	不适用	无	无		新加坡寿险	法定利润表
356	净利润	利润总额	利润总额	集团财务系统	系统取数	月度	TPG000_ACC_000149	利润总额-合计 	财务行集	3300213002 法定利润表_行	290 四、利润总额	寿险公司段Segment1：330026	新加坡寿险	法定利润表
357	净利润	所得税费用	所得税费用	集团财务系统	系统取数	月度	TPG000_ACC_000150	利润总额-所得税费用 	财务行集	3300213002 法定利润表_行	300      减：所得税费用	寿险公司段Segment1：330026	新加坡寿险	法定利润表
358	净利润	净利润	净利润	集团财务系统	系统取数	月度	TPG000_ACC_000151	净利润 	财务行集	3300213002 法定利润表_行	310 五、净利润	寿险公司段Segment1：330026	新加坡寿险	法定利润表
361	净利润	营业收入	营业收入	无	手工	月度	TPG000_ACC_000121	营业收入-合计 	暂定手工	无	无		太平科技	法定利润表
362	净利润	已赚保费	已赚保费	无	手工	月度	TPG000_ACC_000122	营业收入-已赚保费 	暂定手工	无	无		太平科技	法定利润表
363	净利润	保险业务收入	保险业务收入	无	手工	月度	TPG000_ACC_000123	营业收入-已赚保费-保险业务收入 	暂定手工	无	无		太平科技	法定利润表
365	净利润	分出保费	分出保费	无	手工	月度	TPG000_ACC_000125	营业收入-已赚保费-分出保费 	暂定手工	无	无		太平科技	法定利润表
366	净利润	提取未到期责任准备金	提取未到期责任准备金	无	手工	月度	TPG000_ACC_000126	营业收入-已赚保费-提取未到期责任准备金 	暂定手工	无	无		太平科技	法定利润表
367	净利润	投资收益	投资收益	无	手工	月度	TPG000_ACC_000127	营业收入-投资收益 	暂定手工	无	无		太平科技	法定利润表
369	净利润	公允价值变动收益	公允价值变动收益	无	手工	月度	TPG000_ACC_000129	营业收入-公允价值变动收益 	暂定手工	无	无		太平科技	法定利润表
370	净利润	汇兑收益	汇兑收益	无	手工	月度	TPG000_ACC_000130	营业收入-汇兑收益 	暂定手工	无	无		太平科技	法定利润表
371	净利润	其他业务收入	其他业务收入	无	手工	月度	TPG000_ACC_000131	营业收入-其他业务收入 	暂定手工	无	无		太平科技	法定利润表
372	净利润	资产处置收益	资产处置收益	无	手工	月度	TPG000_ACC_000689	资产处置收益	暂定手工	无	无		太平科技	法定利润表
373	净利润	其他收益	其他收益	无	手工	月度	TPG000_ACC_000690	其他收益	暂定手工	无	无		太平科技	法定利润表
374	净利润	营业支出	营业支出	无	手工	月度	TPG000_ACC_000132	营业支出-合计	暂定手工	无	无		太平科技	法定利润表
375	净利润	退保金	退保金	无	手工	月度	TPG000_ACC_000161	保险业务-退保金 	暂定手工	无	无		太平科技	法定利润表
376	净利润	赔付支出	赔付支出	无	手工	月度	TPG000_ACC_000159	保险业务-赔付支出 	暂定手工	无	无		太平科技	法定利润表
377	净利润	摊回赔付支出	摊回赔付支出	无	手工	月度	TPG000_ACC_000160	保险业务-摊回赔付支出 	暂定手工	无	无		太平科技	法定利润表
378	净利润	提取保险责任准备金	提取保险责任准备金	无	手工	月度	TPG000_ACC_000162	保险业务-提取保险责任准备金 	暂定手工	无	无		太平科技	法定利润表
379	净利润	摊回保险责任准备金	摊回保险责任准备金	无	手工	月度	TPG000_ACC_000163	保险业务-摊回保险责任准备金 	暂定手工	无	无		太平科技	法定利润表
380	净利润	提取农险保费准备金	提取农险保费准备金	无	手工	月度	TPG000_ACC_000703	提取农险保费准备金	暂定手工	无	无		太平科技	法定利润表
381	净利润	保单红利支出	保单红利支出	无	手工	月度	TPG000_ACC_000164	保险业务-保单红利支出 	暂定手工	无	无		太平科技	法定利润表
382	净利润	分保费用	分保费用	无	手工	月度	TPG000_ACC_000139	营业支出-分保费用	暂定手工	无	无		太平科技	法定利润表
383	净利润	税金及附加	税金及附加	无	手工	月度	TPG000_ACC_000140	营业支出-营业税金及附加	暂定手工	无	无		太平科技	法定利润表
384	净利润	手续费及佣金支	手续费及佣金支	无	手工	月度	TPG000_ACC_000141	营业支出-手续费及佣金支出	暂定手工	无	无		太平科技	法定利润表
385	净利润	业务及管理费	业务及管理费	无	手工	月度	TPG000_ACC_000142	营业支出-业务及管理费	暂定手工	无	无		太平科技	法定利润表
386	净利润	摊回分保费用	摊回分保费用	无	手工	月度	TPG000_ACC_000143	营业支出-业务及管理费-摊回分保费用	暂定手工	无	无		太平科技	法定利润表
387	净利润	其他业务成本	其他业务成本	无	手工	月度	TPG000_ACC_000144	营业支出-其他业务成本 	暂定手工	无	无		太平科技	法定利润表
388	净利润	资产减值损失	资产减值损失	无	手工	月度	TPG000_ACC_000145	营业支出-资产减值损失 	暂定手工	无	无		太平科技	法定利润表
389	净利润	营业利润	营业利润	无	手工	月度	TPG000_ACC_000146	营业利润-合计 	暂定手工	无	无		太平科技	法定利润表
390	净利润	营业外收入	营业外收入	无	手工	月度	TPG000_ACC_000147	营业利润-营业外收入 	暂定手工	无	无		太平科技	法定利润表
391	净利润	营业外支出	营业外支出	无	手工	月度	TPG000_ACC_000148	营业利润-营业外支出 	暂定手工	无	无		太平科技	法定利润表
392	净利润	利润总额	利润总额	无	手工	月度	TPG000_ACC_000149	利润总额-合计 	暂定手工	无	无		太平科技	法定利润表
393	净利润	所得税费用	所得税费用	无	手工	月度	TPG000_ACC_000150	利润总额-所得税费用 	暂定手工	无	无		太平科技	法定利润表
394	净利润	净利润	净利润	无	手工	月度	TPG000_ACC_000151	净利润 	暂定手工	无	无		太平科技	法定利润表
397	净利润	营业收入	营业收入	无	手工	月度	TPG000_ACC_000121	营业收入-合计 	暂定手工	无	无		太平印尼	法定利润表
398	净利润	已赚保费	已赚保费	无	手工	月度	TPG000_ACC_000122	营业收入-已赚保费 	暂定手工	无	无		太平印尼	法定利润表
399	净利润	保险业务收入	保险业务收入	无	手工	月度	TPG000_ACC_000123	营业收入-已赚保费-保险业务收入 	暂定手工	无	无		太平印尼	法定利润表
401	净利润	分出保费	分出保费	无	手工	月度	TPG000_ACC_000125	营业收入-已赚保费-分出保费 	暂定手工	无	无		太平印尼	法定利润表
402	净利润	提取未到期责任准备金	提取未到期责任准备金	无	手工	月度	TPG000_ACC_000126	营业收入-已赚保费-提取未到期责任准备金 	暂定手工	无	无		太平印尼	法定利润表
403	净利润	投资收益	投资收益	无	手工	月度	TPG000_ACC_000127	营业收入-投资收益 	暂定手工	无	无		太平印尼	法定利润表
405	净利润	公允价值变动收益	公允价值变动收益	无	手工	月度	TPG000_ACC_000129	营业收入-公允价值变动收益 	暂定手工	无	无		太平印尼	法定利润表
406	净利润	汇兑收益	汇兑收益	无	手工	月度	TPG000_ACC_000130	营业收入-汇兑收益 	暂定手工	无	无		太平印尼	法定利润表
407	净利润	其他业务收入	其他业务收入	无	手工	月度	TPG000_ACC_000131	营业收入-其他业务收入 	暂定手工	无	无		太平印尼	法定利润表
408	净利润	资产处置收益	资产处置收益	无	手工	月度	TPG000_ACC_000689	资产处置收益	暂定手工	无	无		太平印尼	法定利润表
409	净利润	其他收益	其他收益	无	手工	月度	TPG000_ACC_000690	其他收益	暂定手工	无	无		太平印尼	法定利润表
410	净利润	营业支出	营业支出	无	手工	月度	TPG000_ACC_000132	营业支出-合计	暂定手工	无	无		太平印尼	法定利润表
411	净利润	退保金	退保金	无	手工	月度	TPG000_ACC_000161	保险业务-退保金 	暂定手工	无	无		太平印尼	法定利润表
412	净利润	赔付支出	赔付支出	无	手工	月度	TPG000_ACC_000159	保险业务-赔付支出 	暂定手工	无	无		太平印尼	法定利润表
413	净利润	摊回赔付支出	摊回赔付支出	无	手工	月度	TPG000_ACC_000160	保险业务-摊回赔付支出 	暂定手工	无	无		太平印尼	法定利润表
414	净利润	提取保险责任准备金	提取保险责任准备金	无	手工	月度	TPG000_ACC_000162	保险业务-提取保险责任准备金 	暂定手工	无	无		太平印尼	法定利润表
415	净利润	摊回保险责任准备金	摊回保险责任准备金	无	手工	月度	TPG000_ACC_000163	保险业务-摊回保险责任准备金 	暂定手工	无	无		太平印尼	法定利润表
416	净利润	提取农险保费准备金	提取农险保费准备金	无	手工	月度	TPG000_ACC_000703	提取农险保费准备金	暂定手工	无	无		太平印尼	法定利润表
417	净利润	保单红利支出	保单红利支出	无	手工	月度	TPG000_ACC_000164	保险业务-保单红利支出 	暂定手工	无	无		太平印尼	法定利润表
418	净利润	分保费用	分保费用	无	手工	月度	TPG000_ACC_000139	营业支出-分保费用	暂定手工	无	无		太平印尼	法定利润表
419	净利润	税金及附加	税金及附加	无	手工	月度	TPG000_ACC_000140	营业支出-营业税金及附加	暂定手工	无	无		太平印尼	法定利润表
420	净利润	手续费及佣金支	手续费及佣金支	无	手工	月度	TPG000_ACC_000141	营业支出-手续费及佣金支出	暂定手工	无	无		太平印尼	法定利润表
421	净利润	业务及管理费	业务及管理费	无	手工	月度	TPG000_ACC_000142	营业支出-业务及管理费	暂定手工	无	无		太平印尼	法定利润表
422	净利润	摊回分保费用	摊回分保费用	无	手工	月度	TPG000_ACC_000143	营业支出-业务及管理费-摊回分保费用	暂定手工	无	无		太平印尼	法定利润表
423	净利润	其他业务成本	其他业务成本	无	手工	月度	TPG000_ACC_000144	营业支出-其他业务成本 	暂定手工	无	无		太平印尼	法定利润表
424	净利润	资产减值损失	资产减值损失	无	手工	月度	TPG000_ACC_000145	营业支出-资产减值损失 	暂定手工	无	无		太平印尼	法定利润表
425	净利润	营业利润	营业利润	无	手工	月度	TPG000_ACC_000146	营业利润-合计 	暂定手工	无	无		太平印尼	法定利润表
426	净利润	营业外收入	营业外收入	无	手工	月度	TPG000_ACC_000147	营业利润-营业外收入 	暂定手工	无	无		太平印尼	法定利润表
427	净利润	营业外支出	营业外支出	无	手工	月度	TPG000_ACC_000148	营业利润-营业外支出 	暂定手工	无	无		太平印尼	法定利润表
428	净利润	利润总额	利润总额	无	手工	月度	TPG000_ACC_000149	利润总额-合计 	暂定手工	无	无		太平印尼	法定利润表
429	净利润	所得税费用	所得税费用	无	手工	月度	TPG000_ACC_000150	利润总额-所得税费用 	暂定手工	无	无		太平印尼	法定利润表
430	净利润	净利润	净利润	无	手工	月度	TPG000_ACC_000151	净利润 	暂定手工	无	无		太平印尼	法定利润表
433	净利润	营业收入	营业收入	集团财务系统	系统取数	月度	TPG000_ACC_000121	营业收入-合计 	财务行集	0000013009利润表(一般)	10 一、营业收入	公司段Segment1限制38001	太平日本	法定利润表
434	净利润	已赚保费	已赚保费	不适用		月度	TPG000_ACC_000122	营业收入-已赚保费 	不适用	无	无		太平日本	法定利润表
435	净利润	保险业务收入	保险业务收入	不适用		月度	TPG000_ACC_000123	营业收入-已赚保费-保险业务收入 	不适用	无	无		太平日本	法定利润表
437	净利润	分出保费	分出保费	不适用		月度	TPG000_ACC_000125	营业收入-已赚保费-分出保费 	不适用	无	无		太平日本	法定利润表
438	净利润	提取未到期责任准备金	提取未到期责任准备金	不适用		月度	TPG000_ACC_000126	营业收入-已赚保费-提取未到期责任准备金 	不适用	无	无		太平日本	法定利润表
439	净利润	投资收益	投资收益	集团财务系统	系统取数	月度	TPG000_ACC_000127	营业收入-投资收益 	财务行集		内部利润表：其他业务投资收益	公司段Segment1限制38001	太平日本	法定利润表
441	净利润	公允价值变动收益	公允价值变动收益	不适用		月度	TPG000_ACC_000129	营业收入-公允价值变动收益 	不适用	无	无		太平日本	法定利润表
442	净利润	汇兑收益	汇兑收益	集团财务系统	系统取数	月度	TPG000_ACC_000130	营业收入-汇兑收益 	财务行集		70  其中：汇兑损益	公司段Segment1限制38001	太平日本	法定利润表
443	净利润	其他业务收入	其他业务收入	集团财务系统	系统取数	月度	TPG000_ACC_000131	营业收入-其他业务收入 	财务行集		非保险业务收入表：非保险业务收入合计	公司段Segment1限制38001	太平日本	法定利润表
444	净利润	资产处置收益	资产处置收益	不适用		月度	TPG000_ACC_000689	资产处置收益	不适用	无	无		太平日本	法定利润表
445	净利润	其他收益	其他收益	不适用		月度	TPG000_ACC_000690	其他收益	不适用	无	无		太平日本	法定利润表
446	净利润	营业支出	营业支出			月度	TPG000_ACC_000132	营业支出-合计	报表间计算		报表项：退保金+赔付支出+摊回赔付支出-提取保险责任准备金+摊回保险责任准备金-提取农险保费准备金+保单红利支出+分保费用+税金及附加+手续费及佣金支+业务及管理费+摊回分保费用-其他业务成本+资产减值损失+		太平日本	法定利润表
447	净利润	退保金	退保金	不适用		月度	TPG000_ACC_000161	保险业务-退保金 	不适用	无	无		太平日本	法定利润表
448	净利润	赔付支出	赔付支出	不适用		月度	TPG000_ACC_000159	保险业务-赔付支出 	不适用	无	无		太平日本	法定利润表
449	净利润	摊回赔付支出	摊回赔付支出	不适用		月度	TPG000_ACC_000160	保险业务-摊回赔付支出 	不适用	无	无		太平日本	法定利润表
450	净利润	提取保险责任准备金	提取保险责任准备金	不适用		月度	TPG000_ACC_000162	保险业务-提取保险责任准备金 	不适用	无	无		太平日本	法定利润表
451	净利润	摊回保险责任准备金	摊回保险责任准备金	不适用		月度	TPG000_ACC_000163	保险业务-摊回保险责任准备金 	不适用	无	无		太平日本	法定利润表
452	净利润	提取农险保费准备金	提取农险保费准备金	不适用		月度	TPG000_ACC_000703	提取农险保费准备金	不适用	无	无		太平日本	法定利润表
453	净利润	保单红利支出	保单红利支出	不适用		月度	TPG000_ACC_000164	保险业务-保单红利支出 	不适用	无	无		太平日本	法定利润表
454	净利润	分保费用	分保费用	不适用		月度	TPG000_ACC_000139	营业支出-分保费用	不适用	无	无		太平日本	法定利润表
455	净利润	税金及附加	税金及附加	集团财务系统	系统取数	月度	TPG000_ACC_000140	营业支出-营业税金及附加	财务行集	0000013009利润表(一般)	30 税金及附加	公司段Segment1限制38001	太平日本	法定利润表
456	净利润	手续费及佣金支	手续费及佣金支			月度	TPG000_ACC_000141	营业支出-手续费及佣金支出	报表间计算		内部利润表：手续费及佣金支出		太平日本	法定利润表
457	净利润	业务及管理费	业务及管理费			月度	TPG000_ACC_000142	营业支出-业务及管理费	报表间计算		内部利润表：运营费用+内勤人事费用+行政费用+投资费用		太平日本	法定利润表
458	净利润	摊回分保费用	摊回分保费用	不适用		月度	TPG000_ACC_000143	营业支出-业务及管理费-摊回分保费用	不适用	无	无		太平日本	法定利润表
459	净利润	其他业务成本	其他业务成本			月度	TPG000_ACC_000144	营业支出-其他业务成本 	报表间计算		非保险业务收入表：非保险业务支出合计		太平日本	法定利润表
460	净利润	资产减值损失	资产减值损失	不适用		月度	TPG000_ACC_000145	营业支出-资产减值损失 	不适用	无	无		太平日本	法定利润表
461	净利润	营业利润	营业利润			月度	TPG000_ACC_000146	营业利润-合计 	报表间计算		报表项：营业收入-营业支出		太平日本	法定利润表
462	净利润	营业外收入	营业外收入	不适用		月度	TPG000_ACC_000147	营业利润-营业外收入 	不适用	无	无		太平日本	法定利润表
463	净利润	营业外支出	营业外支出	不适用		月度	TPG000_ACC_000148	营业利润-营业外支出 	不适用	无	无		太平日本	法定利润表
464	净利润	利润总额	利润总额			月度	TPG000_ACC_000149	利润总额-合计 	报表间计算		报表项：营业利润+加：营业外收入-减：营业外支出		太平日本	法定利润表
465	净利润	所得税费用	所得税费用	集团财务系统	系统取数	月度	TPG000_ACC_000150	利润总额-所得税费用 	财务行集	0000013009利润表(一般)	180 减：所得税费用	公司段Segment1限制38001	太平日本	法定利润表
466	净利润	净利润	净利润			月度	TPG000_ACC_000151	净利润 	报表间计算	无	报表项：利润总额-减：所得税费用		太平日本	法定利润表
469	净利润	营业收入	营业收入			月度	TPG000_ACC_000121	营业收入-合计 	报表间计算	无	报表项：已赚保费+投资收益+公允价值变动收益+汇兑收益+其他业务收入+资产处置收益+其他收益		太平再保顾问	法定利润表
470	净利润	已赚保费	已赚保费	不适用		月度	TPG000_ACC_000122	营业收入-已赚保费 	不适用	无	无		太平再保顾问	法定利润表
471	净利润	保险业务收入	保险业务收入	不适用		月度	TPG000_ACC_000123	营业收入-已赚保费-保险业务收入 	不适用	无	无		太平再保顾问	法定利润表
473	净利润	分出保费	分出保费	不适用		月度	TPG000_ACC_000125	营业收入-已赚保费-分出保费 	不适用	无	无		太平再保顾问	法定利润表
474	净利润	提取未到期责任准备金	提取未到期责任准备金	不适用		月度	TPG000_ACC_000126	营业收入-已赚保费-提取未到期责任准备金 	不适用	无	无		太平再保顾问	法定利润表
475	净利润	投资收益	投资收益	集团财务系统	系统取数	月度	TPG000_ACC_000127	营业收入-投资收益 	财务行集		内部利润表：其他业务投资收益	再顾问Segment1限制18001	太平再保顾问	法定利润表
477	净利润	公允价值变动收益	公允价值变动收益	不适用		月度	TPG000_ACC_000129	营业收入-公允价值变动收益 	不适用	无	无		太平再保顾问	法定利润表
478	净利润	汇兑收益	汇兑收益	集团财务系统	系统取数	月度	TPG000_ACC_000130	营业收入-汇兑收益 	财务行集	0000013009利润表(一般)	70    其中：汇兑损益	再顾问Segment1限制18001	太平再保顾问	法定利润表
479	净利润	其他业务收入	其他业务收入	集团财务系统	系统取数	月度	TPG000_ACC_000131	营业收入-其他业务收入 	财务行集		非保险业务收入表：非保险业务收入合计	再顾问Segment1限制18001	太平再保顾问	法定利润表
480	净利润	资产处置收益	资产处置收益	不适用		月度	TPG000_ACC_000689	资产处置收益	不适用	无	无		太平再保顾问	法定利润表
481	净利润	其他收益	其他收益	不适用		月度	TPG000_ACC_000690	其他收益	不适用	无	无		太平再保顾问	法定利润表
482	净利润	二、营业支出	营业支出			月度	TPG000_ACC_000132	营业支出-合计	报表间计算	无	报表项：退保金+赔付支出+摊回赔付支出-提取保险责任准备金+摊回保险责任准备金-提取农险保费准备金+保单红利支出+分保费用+税金及附加+手续费及佣金支+业务及管理费+摊回分保费用-其他业务成本+资产减值损失+		太平再保顾问	法定利润表
483	净利润	退保金	退保金	不适用		月度	TPG000_ACC_000161	保险业务-退保金 	不适用	无	无		太平再保顾问	法定利润表
484	净利润	赔付支出	赔付支出	不适用		月度	TPG000_ACC_000159	保险业务-赔付支出 	不适用	无	无		太平再保顾问	法定利润表
485	净利润	摊回赔付支出	摊回赔付支出	不适用		月度	TPG000_ACC_000160	保险业务-摊回赔付支出 	不适用	无	无		太平再保顾问	法定利润表
486	净利润	提取保险责任准备金	提取保险责任准备金	不适用		月度	TPG000_ACC_000162	保险业务-提取保险责任准备金 	不适用	无	无		太平再保顾问	法定利润表
487	净利润	摊回保险责任准备金	摊回保险责任准备金	不适用		月度	TPG000_ACC_000163	保险业务-摊回保险责任准备金 	不适用	无	无		太平再保顾问	法定利润表
488	净利润	提取农险保费准备金	提取农险保费准备金	不适用		月度	TPG000_ACC_000703	提取农险保费准备金	不适用	无	无		太平再保顾问	法定利润表
489	净利润	保单红利支出	保单红利支出	不适用		月度	TPG000_ACC_000164	保险业务-保单红利支出 	不适用	无	无		太平再保顾问	法定利润表
490	净利润	分保费用	分保费用	不适用		月度	TPG000_ACC_000139	营业支出-分保费用	不适用	无	无		太平再保顾问	法定利润表
491	净利润	税金及附加	税金及附加	集团财务系统	系统取数	月度	TPG000_ACC_000140	营业支出-营业税金及附加	财务行集	0000013009利润表(一般)	30 税金及附加	再顾问Segment1限制18001	太平再保顾问	法定利润表
492	净利润	手续费及佣金支	手续费及佣金支			月度	TPG000_ACC_000141	营业支出-手续费及佣金支出	报表间计算	无	内部利润表：手续费及佣金支出		太平再保顾问	法定利润表
493	净利润	业务及管理费	业务及管理费			月度	TPG000_ACC_000142	营业支出-业务及管理费	报表间计算	无	内部利润表：运营费用+内勤人事费用+行政费用+投资费用+提奖及销售费用		太平再保顾问	法定利润表
494	净利润	摊回分保费用	摊回分保费用	不适用		月度	TPG000_ACC_000143	营业支出-业务及管理费-摊回分保费用	不适用	无	无		太平再保顾问	法定利润表
495	净利润	其他业务成本	其他业务成本			月度	TPG000_ACC_000144	营业支出-其他业务成本 	报表间计算	无	非保险业务收入表：非保险业务支出合计		太平再保顾问	法定利润表
496	净利润	资产减值损失	资产减值损失	不适用		月度	TPG000_ACC_000145	营业支出-资产减值损失 	不适用	无	无		太平再保顾问	法定利润表
497	净利润	营业利润	营业利润			月度	TPG000_ACC_000146	营业利润-合计 	报表间计算	无	报表项：营业收入-营业支出		太平再保顾问	法定利润表
498	净利润	营业外收入	营业外收入	不适用		月度	TPG000_ACC_000147	营业利润-营业外收入 	不适用	无	无		太平再保顾问	法定利润表
499	净利润	营业外支出	营业外支出	不适用		月度	TPG000_ACC_000148	营业利润-营业外支出 	不适用	无	无		太平再保顾问	法定利润表
500	净利润	利润总额	利润总额			月度	TPG000_ACC_000149	利润总额-合计 	报表间计算	无	报表项：营业利润+加：营业外收入-减：营业外支出		太平再保顾问	法定利润表
501	净利润	所得税费用	所得税费用	集团财务系统	系统取数	月度	TPG000_ACC_000150	利润总额-所得税费用 	财务行集	0000013009利润表(一般)	180 减：所得税费用	再顾问Segment1限制18001	太平再保顾问	法定利润表
502	净利润	净利润	净利润			月度	TPG000_ACC_000151	净利润 	报表间计算	无	报表项：利润总额-减：所得税费用		太平再保顾问	法定利润表
505	净利润	营业收入	营业收入	无	手工	月度	TPG000_ACC_000121	营业收入-合计 	暂定手工	无	无		太平澳门	法定利润表
506	净利润	已赚保费	已赚保费	无	手工	月度	TPG000_ACC_000122	营业收入-已赚保费 	暂定手工	无	无		太平澳门	法定利润表
507	净利润	保险业务收入	保险业务收入	无	手工	月度	TPG000_ACC_000123	营业收入-已赚保费-保险业务收入 	暂定手工	无	无		太平澳门	法定利润表
509	净利润	分出保费	分出保费	无	手工	月度	TPG000_ACC_000125	营业收入-已赚保费-分出保费 	暂定手工	无	无		太平澳门	法定利润表
510	净利润	提取未到期责任准备金	提取未到期责任准备金	无	手工	月度	TPG000_ACC_000126	营业收入-已赚保费-提取未到期责任准备金 	暂定手工	无	无		太平澳门	法定利润表
511	净利润	投资收益	投资收益	无	手工	月度	TPG000_ACC_000127	营业收入-投资收益 	暂定手工	无	无		太平澳门	法定利润表
513	净利润	公允价值变动收益	公允价值变动收益	无	手工	月度	TPG000_ACC_000129	营业收入-公允价值变动收益 	暂定手工	无	无		太平澳门	法定利润表
514	净利润	汇兑收益	汇兑收益	无	手工	月度	TPG000_ACC_000130	营业收入-汇兑收益 	暂定手工	无	无		太平澳门	法定利润表
515	净利润	其他业务收入	其他业务收入	无	手工	月度	TPG000_ACC_000131	营业收入-其他业务收入 	暂定手工	无	无		太平澳门	法定利润表
516	净利润	资产处置收益	资产处置收益	无	手工	月度	TPG000_ACC_000689	资产处置收益	暂定手工	无	无		太平澳门	法定利润表
517	净利润	其他收益	其他收益	无	手工	月度	TPG000_ACC_000690	其他收益	暂定手工	无	无		太平澳门	法定利润表
518	净利润	营业支出	营业支出	无	手工	月度	TPG000_ACC_000132	营业支出-合计	暂定手工	无	无		太平澳门	法定利润表
519	净利润	退保金	退保金	无	手工	月度	TPG000_ACC_000161	保险业务-退保金 	暂定手工	无	无		太平澳门	法定利润表
520	净利润	赔付支出	赔付支出	无	手工	月度	TPG000_ACC_000159	保险业务-赔付支出 	暂定手工	无	无		太平澳门	法定利润表
521	净利润	摊回赔付支出	摊回赔付支出	无	手工	月度	TPG000_ACC_000160	保险业务-摊回赔付支出 	暂定手工	无	无		太平澳门	法定利润表
522	净利润	提取保险责任准备金	提取保险责任准备金	无	手工	月度	TPG000_ACC_000162	保险业务-提取保险责任准备金 	暂定手工	无	无		太平澳门	法定利润表
523	净利润	摊回保险责任准备金	摊回保险责任准备金	无	手工	月度	TPG000_ACC_000163	保险业务-摊回保险责任准备金 	暂定手工	无	无		太平澳门	法定利润表
524	净利润	提取农险保费准备金	提取农险保费准备金	无	手工	月度	TPG000_ACC_000703	提取农险保费准备金	暂定手工	无	无		太平澳门	法定利润表
525	净利润	保单红利支出	保单红利支出	无	手工	月度	TPG000_ACC_000164	保险业务-保单红利支出 	暂定手工	无	无		太平澳门	法定利润表
526	净利润	分保费用	分保费用	无	手工	月度	TPG000_ACC_000139	营业支出-分保费用	暂定手工	无	无		太平澳门	法定利润表
527	净利润	税金及附加	税金及附加	无	手工	月度	TPG000_ACC_000140	营业支出-营业税金及附加	暂定手工	无	无		太平澳门	法定利润表
528	净利润	手续费及佣金支	手续费及佣金支	无	手工	月度	TPG000_ACC_000141	营业支出-手续费及佣金支出	暂定手工	无	无		太平澳门	法定利润表
529	净利润	业务及管理费	业务及管理费	无	手工	月度	TPG000_ACC_000142	营业支出-业务及管理费	暂定手工	无	无		太平澳门	法定利润表
530	净利润	摊回分保费用	摊回分保费用	无	手工	月度	TPG000_ACC_000143	营业支出-业务及管理费-摊回分保费用	暂定手工	无	无		太平澳门	法定利润表
531	净利润	其他业务成本	其他业务成本	无	手工	月度	TPG000_ACC_000144	营业支出-其他业务成本 	暂定手工	无	无		太平澳门	法定利润表
532	净利润	资产减值损失	资产减值损失	无	手工	月度	TPG000_ACC_000145	营业支出-资产减值损失 	暂定手工	无	无		太平澳门	法定利润表
533	净利润	营业利润	营业利润	无	手工	月度	TPG000_ACC_000146	营业利润-合计 	暂定手工	无	无		太平澳门	法定利润表
534	净利润	营业外收入	营业外收入	无	手工	月度	TPG000_ACC_000147	营业利润-营业外收入 	暂定手工	无	无		太平澳门	法定利润表
535	净利润	营业外支出	营业外支出	无	手工	月度	TPG000_ACC_000148	营业利润-营业外支出 	暂定手工	无	无		太平澳门	法定利润表
536	净利润	利润总额	利润总额	无	手工	月度	TPG000_ACC_000149	利润总额-合计 	暂定手工	无	无		太平澳门	法定利润表
537	净利润	所得税费用	所得税费用	无	手工	月度	TPG000_ACC_000150	利润总额-所得税费用 	暂定手工	无	无		太平澳门	法定利润表
538	净利润	净利润	净利润	无	手工	月度	TPG000_ACC_000151	净利润 	暂定手工	无	无		太平澳门	法定利润表
541	净利润	营业收入	营业收入	无	手工	月度	TPG000_ACC_000121	营业收入-合计 	手工指标	无	无		太寿香港	法定利润表
542	净利润	已赚保费	已赚保费	无	手工	月度	TPG000_ACC_000122	营业收入-已赚保费 	手工指标	无	无		太寿香港	法定利润表
543	净利润	保险业务收入	保险业务收入	无	手工	月度	TPG000_ACC_000123	营业收入-已赚保费-保险业务收入 	手工指标	无	无		太寿香港	法定利润表
545	净利润	分出保费	分出保费	无	手工	月度	TPG000_ACC_000125	营业收入-已赚保费-分出保费 	手工指标	无	无		太寿香港	法定利润表
546	净利润	提取未到期责任准备金	提取未到期责任准备金	无	手工	月度	TPG000_ACC_000126	营业收入-已赚保费-提取未到期责任准备金 	手工指标	无	无		太寿香港	法定利润表
547	净利润	投资收益	投资收益	无	手工	月度	TPG000_ACC_000127	营业收入-投资收益 	手工指标	无	无		太寿香港	法定利润表
549	净利润	公允价值变动收益	公允价值变动收益	无	手工	月度	TPG000_ACC_000129	营业收入-公允价值变动收益 	手工指标	无	无		太寿香港	法定利润表
550	净利润	汇兑收益	汇兑收益	无	手工	月度	TPG000_ACC_000130	营业收入-汇兑收益 	手工指标	无	无		太寿香港	法定利润表
551	净利润	其他业务收入	其他业务收入	无	手工	月度	TPG000_ACC_000131	营业收入-其他业务收入 	手工指标	无	无		太寿香港	法定利润表
552	净利润	资产处置收益	资产处置收益	无	手工	月度	TPG000_ACC_000689	资产处置收益	手工指标	无	无		太寿香港	法定利润表
553	净利润	其他收益	其他收益	无	手工	月度	TPG000_ACC_000690	其他收益	手工指标	无	无		太寿香港	法定利润表
554	净利润	营业支出	营业支出	无	手工	月度	TPG000_ACC_000132	营业支出-合计	手工指标	无	无		太寿香港	法定利润表
555	净利润	退保金	退保金	无	手工	月度	TPG000_ACC_000161	保险业务-退保金 	手工指标	无	无		太寿香港	法定利润表
556	净利润	赔付支出	赔付支出	无	手工	月度	TPG000_ACC_000159	保险业务-赔付支出 	手工指标	无	无		太寿香港	法定利润表
557	净利润	摊回赔付支出	摊回赔付支出	无	手工	月度	TPG000_ACC_000160	保险业务-摊回赔付支出 	手工指标	无	无		太寿香港	法定利润表
558	净利润	提取保险责任准备金	提取保险责任准备金	无	手工	月度	TPG000_ACC_000162	保险业务-提取保险责任准备金 	手工指标	无	无		太寿香港	法定利润表
559	净利润	摊回保险责任准备金	摊回保险责任准备金	无	手工	月度	TPG000_ACC_000163	保险业务-摊回保险责任准备金 	手工指标	无	无		太寿香港	法定利润表
560	净利润	提取农险保费准备金	提取农险保费准备金	无	手工	月度	TPG000_ACC_000703	提取农险保费准备金	手工指标	无	无		太寿香港	法定利润表
561	净利润	保单红利支出	保单红利支出	无	手工	月度	TPG000_ACC_000164	保险业务-保单红利支出 	手工指标	无	无		太寿香港	法定利润表
562	净利润	分保费用	分保费用	无	手工	月度	TPG000_ACC_000139	营业支出-分保费用	手工指标	无	无		太寿香港	法定利润表
563	净利润	税金及附加	税金及附加	无	手工	月度	TPG000_ACC_000140	营业支出-营业税金及附加	手工指标	无	无		太寿香港	法定利润表
564	净利润	手续费及佣金支	手续费及佣金支	无	手工	月度	TPG000_ACC_000141	营业支出-手续费及佣金支出	手工指标	无	无		太寿香港	法定利润表
565	净利润	业务及管理费	业务及管理费	无	手工	月度	TPG000_ACC_000142	营业支出-业务及管理费	手工指标	无	无		太寿香港	法定利润表
566	净利润	摊回分保费用	摊回分保费用	无	手工	月度	TPG000_ACC_000143	营业支出-业务及管理费-摊回分保费用	手工指标	无	无		太寿香港	法定利润表
567	净利润	其他业务成本	其他业务成本	无	手工	月度	TPG000_ACC_000144	营业支出-其他业务成本 	手工指标	无	无		太寿香港	法定利润表
568	净利润	资产减值损失	资产减值损失	无	手工	月度	TPG000_ACC_000145	营业支出-资产减值损失 	手工指标	无	无		太寿香港	法定利润表
569	净利润	营业利润	营业利润	无	手工	月度	TPG000_ACC_000146	营业利润-合计 	手工指标	无	无		太寿香港	法定利润表
570	净利润	营业外收入	营业外收入	无	手工	月度	TPG000_ACC_000147	营业利润-营业外收入 	手工指标	无	无		太寿香港	法定利润表
571	净利润	营业外支出	营业外支出	无	手工	月度	TPG000_ACC_000148	营业利润-营业外支出 	手工指标	无	无		太寿香港	法定利润表
572	净利润	利润总额	利润总额	无	手工	月度	TPG000_ACC_000149	利润总额-合计 	手工指标	无	无		太寿香港	法定利润表
573	净利润	所得税费用	所得税费用	无	手工	月度	TPG000_ACC_000150	利润总额-所得税费用 	手工指标	无	无		太寿香港	法定利润表
574	净利润	净利润	净利润	无	手工	月度	TPG000_ACC_000151	净利润 	手工指标	无	无		太寿香港	法定利润表
577	净利润	营业收入	营业收入	无	手工	月度	TPG000_ACC_000121	营业收入-合计 	手工指标	无	无		太平香港	法定利润表
578	净利润	已赚保费	已赚保费	无	手工	月度	TPG000_ACC_000122	营业收入-已赚保费 	手工指标	无	无		太平香港	法定利润表
579	净利润	保险业务收入	保险业务收入	集团财务系统	系统取数	月度	TPG000_ACC_000123	营业收入-已赚保费-保险业务收入 	财务行集	0000014002利润表	保险业务收入		太平香港	法定利润表
581	净利润	分出保费	分出保费	集团财务系统	系统取数	月度	TPG000_ACC_000125	营业收入-已赚保费-分出保费 	财务行集	0000014002利润表	减：分出保费		太平香港	法定利润表
582	净利润	提取未到期责任准备金	提取未到期责任准备金	无	手工	月度	TPG000_ACC_000126	营业收入-已赚保费-提取未到期责任准备金 	手工指标	无	无		太平香港	法定利润表
583	净利润	投资收益	投资收益	无	手工	月度	TPG000_ACC_000127	营业收入-投资收益 	手工指标	无	无		太平香港	法定利润表
585	净利润	公允价值变动收益	公允价值变动收益	无	手工	月度	TPG000_ACC_000129	营业收入-公允价值变动收益 	手工指标	无	无		太平香港	法定利润表
586	净利润	汇兑收益	汇兑收益	无	手工	月度	TPG000_ACC_000130	营业收入-汇兑收益 	手工指标	无	无		太平香港	法定利润表
587	净利润	其他业务收入	其他业务收入	无	手工	月度	TPG000_ACC_000131	营业收入-其他业务收入 	手工指标	无	无		太平香港	法定利润表
588	净利润	资产处置收益	资产处置收益	无	手工	月度	TPG000_ACC_000689	资产处置收益	手工指标	无	无		太平香港	法定利润表
589	净利润	其他收益	其他收益	无	手工	月度	TPG000_ACC_000690	其他收益	手工指标	无	无		太平香港	法定利润表
590	净利润	营业支出	营业支出	无	手工	月度	TPG000_ACC_000132	营业支出-合计	手工指标	无	无		太平香港	法定利润表
591	净利润	退保金	退保金	无	手工	月度	TPG000_ACC_000161	保险业务-退保金 	手工指标	无	无		太平香港	法定利润表
592	净利润	赔付支出	赔付支出	集团财务系统	系统取数	月度	TPG000_ACC_000159	保险业务-赔付支出 	财务行集	0000014002利润表	赔付支出		太平香港	法定利润表
593	净利润	摊回赔付支出	摊回赔付支出	集团财务系统	系统取数	月度	TPG000_ACC_000160	保险业务-摊回赔付支出 	财务行集	0000014002利润表	减：摊回赔付支出		太平香港	法定利润表
594	净利润	提取保险责任准备金	提取保险责任准备金	无	手工	月度	TPG000_ACC_000162	保险业务-提取保险责任准备金 	手工指标	无	无		太平香港	法定利润表
595	净利润	摊回保险责任准备金	摊回保险责任准备金	无	手工	月度	TPG000_ACC_000163	保险业务-摊回保险责任准备金 	手工指标	无	无		太平香港	法定利润表
596	净利润	提取农险保费准备金	提取农险保费准备金	无	手工	月度	TPG000_ACC_000703	提取农险保费准备金	手工指标	无	无		太平香港	法定利润表
597	净利润	保单红利支出	保单红利支出	无	手工	月度	TPG000_ACC_000164	保险业务-保单红利支出 	手工指标	无	无		太平香港	法定利润表
598	净利润	分保费用	分保费用	无	手工	月度	TPG000_ACC_000139	营业支出-分保费用	手工指标	无	无		太平香港	法定利润表
599	净利润	税金及附加	税金及附加	无	手工	月度	TPG000_ACC_000140	营业支出-营业税金及附加	手工指标	无	无		太平香港	法定利润表
600	净利润	手续费及佣金支	手续费及佣金支	集团财务系统	系统取数	月度	TPG000_ACC_000141	营业支出-手续费及佣金支出	财务行集	0000014002利润表	手续费及佣金支出		太平香港	法定利润表
601	净利润	业务及管理费	业务及管理费	无	手工	月度	TPG000_ACC_000142	营业支出-业务及管理费	手工指标	无	无		太平香港	法定利润表
602	净利润	摊回分保费用	摊回分保费用	无	手工	月度	TPG000_ACC_000143	营业支出-业务及管理费-摊回分保费用	手工指标	无	无		太平香港	法定利润表
603	净利润	其他业务成本	其他业务成本	无	手工	月度	TPG000_ACC_000144	营业支出-其他业务成本 	手工指标	无	无		太平香港	法定利润表
604	净利润	资产减值损失	资产减值损失	无	手工	月度	TPG000_ACC_000145	营业支出-资产减值损失 	手工指标	无	无		太平香港	法定利润表
605	净利润	营业利润	营业利润	无	手工	月度	TPG000_ACC_000146	营业利润-合计 	手工指标	无	无		太平香港	法定利润表
606	净利润	营业外收入	营业外收入	无	手工	月度	TPG000_ACC_000147	营业利润-营业外收入 	手工指标	无	无		太平香港	法定利润表
607	净利润	营业外支出	营业外支出	无	手工	月度	TPG000_ACC_000148	营业利润-营业外支出 	手工指标	无	无		太平香港	法定利润表
608	净利润	利润总额	利润总额	无	手工	月度	TPG000_ACC_000149	利润总额-合计 	手工指标	无	无		太平香港	法定利润表
609	净利润	所得税费用	所得税费用	无	手工	月度	TPG000_ACC_000150	利润总额-所得税费用 	手工指标	无	无		太平香港	法定利润表
610	净利润	净利润	净利润	无	手工	月度	TPG000_ACC_000151	净利润 	手工指标	无	无		太平香港	法定利润表
613	净利润	营业收入	营业收入	集团合并系统	系统取数	月度	TPG000_ACC_000121	营业收入-合计 	集团合并系统	法定利润表	"year=当前年份
Period=当前月份
Account_Code=科目编码
Views='YTD'
Currency='CNY'"	参考合并系统取数逻辑	太平资产	法定利润表
614	净利润	已赚保费	已赚保费	集团合并系统	系统取数	月度	TPG000_ACC_000122	营业收入-已赚保费 	集团合并系统	法定利润表	"year=当前年份
Period=当前月份
Account_Code=科目编码
Views='YTD'
Currency='CNY'"	参考合并系统取数逻辑	太平资产	法定利润表
615	净利润	保险业务收入	保险业务收入	集团合并系统	系统取数	月度	TPG000_ACC_000123	营业收入-已赚保费-保险业务收入 	集团合并系统	法定利润表	"year=当前年份
Period=当前月份
Account_Code=科目编码
Views='YTD'
Currency='CNY'"	参考合并系统取数逻辑	太平资产	法定利润表
617	净利润	分出保费	分出保费	集团合并系统	系统取数	月度	TPG000_ACC_000125	营业收入-已赚保费-分出保费 	集团合并系统	法定利润表	"year=当前年份
Period=当前月份
Account_Code=科目编码
Views='YTD'
Currency='CNY'"	参考合并系统取数逻辑	太平资产	法定利润表
618	净利润	提取未到期责任准备金	提取未到期责任准备金	集团合并系统	系统取数	月度	TPG000_ACC_000126	营业收入-已赚保费-提取未到期责任准备金 	集团合并系统	法定利润表	"year=当前年份
Period=当前月份
Account_Code=科目编码
Views='YTD'
Currency='CNY'"	参考合并系统取数逻辑	太平资产	法定利润表
619	净利润	投资收益	投资收益	集团合并系统	系统取数	月度	TPG000_ACC_000127	营业收入-投资收益 	集团合并系统	法定利润表	"year=当前年份
Period=当前月份
Account_Code=科目编码
Views='YTD'
Currency='CNY'"	参考合并系统取数逻辑	太平资产	法定利润表
621	净利润	公允价值变动收益	公允价值变动收益	集团合并系统	系统取数	月度	TPG000_ACC_000129	营业收入-公允价值变动收益 	集团合并系统	法定利润表	"year=当前年份
Period=当前月份
Account_Code=科目编码
Views='YTD'
Currency='CNY'"	参考合并系统取数逻辑	太平资产	法定利润表
622	净利润	汇兑收益	汇兑收益	集团合并系统	系统取数	月度	TPG000_ACC_000130	营业收入-汇兑收益 	集团合并系统	法定利润表	"year=当前年份
Period=当前月份
Account_Code=科目编码
Views='YTD'
Currency='CNY'"	参考合并系统取数逻辑	太平资产	法定利润表
623	净利润	其他业务收入	其他业务收入	集团合并系统	系统取数	月度	TPG000_ACC_000131	营业收入-其他业务收入 	集团合并系统	法定利润表	"year=当前年份
Period=当前月份
Account_Code=科目编码
Views='YTD'
Currency='CNY'"	参考合并系统取数逻辑	太平资产	法定利润表
624	净利润	资产处置收益	资产处置收益	集团合并系统	系统取数	月度	TPG000_ACC_000689	资产处置收益	集团合并系统	法定利润表	"year=当前年份
Period=当前月份
Account_Code=科目编码
Views='YTD'
Currency='CNY'"	参考合并系统取数逻辑	太平资产	法定利润表
625	净利润	其他收益	其他收益	集团合并系统	系统取数	月度	TPG000_ACC_000690	其他收益	集团合并系统	法定利润表	"year=当前年份
Period=当前月份
Account_Code=科目编码
Views='YTD'
Currency='CNY'"	参考合并系统取数逻辑	太平资产	法定利润表
626	净利润	营业支出	营业支出	集团合并系统	系统取数	月度	TPG000_ACC_000132	营业支出-合计	集团合并系统	法定利润表	"year=当前年份
Period=当前月份
Account_Code=科目编码
Views='YTD'
Currency='CNY'"	参考合并系统取数逻辑	太平资产	法定利润表
627	净利润	退保金	退保金	集团合并系统	系统取数	月度	TPG000_ACC_000161	保险业务-退保金 	集团合并系统	法定利润表	"year=当前年份
Period=当前月份
Account_Code=科目编码
Views='YTD'
Currency='CNY'"	参考合并系统取数逻辑	太平资产	法定利润表
628	净利润	赔付支出	赔付支出	集团合并系统	系统取数	月度	TPG000_ACC_000159	保险业务-赔付支出 	集团合并系统	法定利润表	"year=当前年份
Period=当前月份
Account_Code=科目编码
Views='YTD'
Currency='CNY'"	参考合并系统取数逻辑	太平资产	法定利润表
629	净利润	摊回赔付支出	摊回赔付支出	集团合并系统	系统取数	月度	TPG000_ACC_000160	保险业务-摊回赔付支出 	集团合并系统	法定利润表	"year=当前年份
Period=当前月份
Account_Code=科目编码
Views='YTD'
Currency='CNY'"	参考合并系统取数逻辑	太平资产	法定利润表
630	净利润	提取保险责任准备金	提取保险责任准备金	集团合并系统	系统取数	月度	TPG000_ACC_000162	保险业务-提取保险责任准备金 	集团合并系统	法定利润表	"year=当前年份
Period=当前月份
Account_Code=科目编码
Views='YTD'
Currency='CNY'"	参考合并系统取数逻辑	太平资产	法定利润表
631	净利润	摊回保险责任准备金	摊回保险责任准备金	集团合并系统	系统取数	月度	TPG000_ACC_000163	保险业务-摊回保险责任准备金 	集团合并系统	法定利润表	"year=当前年份
Period=当前月份
Account_Code=科目编码
Views='YTD'
Currency='CNY'"	参考合并系统取数逻辑	太平资产	法定利润表
632	净利润	提取农险保费准备金	提取农险保费准备金	集团合并系统	系统取数	月度	TPG000_ACC_000703	提取农险保费准备金	集团合并系统	法定利润表	"year=当前年份
Period=当前月份
Account_Code=科目编码
Views='YTD'
Currency='CNY'"	参考合并系统取数逻辑	太平资产	法定利润表
633	净利润	保单红利支出	保单红利支出	集团合并系统	系统取数	月度	TPG000_ACC_000164	保险业务-保单红利支出 	集团合并系统	法定利润表	"year=当前年份
Period=当前月份
Account_Code=科目编码
Views='YTD'
Currency='CNY'"	参考合并系统取数逻辑	太平资产	法定利润表
634	净利润	分保费用	分保费用	集团合并系统	系统取数	月度	TPG000_ACC_000139	营业支出-分保费用	集团合并系统	法定利润表	"year=当前年份
Period=当前月份
Account_Code=科目编码
Views='YTD'
Currency='CNY'"	参考合并系统取数逻辑	太平资产	法定利润表
635	净利润	税金及附加	税金及附加	集团合并系统	系统取数	月度	TPG000_ACC_000140	营业支出-营业税金及附加	集团合并系统	法定利润表	"year=当前年份
Period=当前月份
Account_Code=科目编码
Views='YTD'
Currency='CNY'"	参考合并系统取数逻辑	太平资产	法定利润表
636	净利润	手续费及佣金支	手续费及佣金支	集团合并系统	系统取数	月度	TPG000_ACC_000141	营业支出-手续费及佣金支出	集团合并系统	法定利润表	"year=当前年份
Period=当前月份
Account_Code=科目编码
Views='YTD'
Currency='CNY'"	参考合并系统取数逻辑	太平资产	法定利润表
637	净利润	业务及管理费	业务及管理费	集团合并系统	系统取数	月度	TPG000_ACC_000142	营业支出-业务及管理费	集团合并系统	法定利润表	"year=当前年份
Period=当前月份
Account_Code=科目编码
Views='YTD'
Currency='CNY'"	参考合并系统取数逻辑	太平资产	法定利润表
638	净利润	摊回分保费用	摊回分保费用	集团合并系统	系统取数	月度	TPG000_ACC_000143	营业支出-业务及管理费-摊回分保费用	集团合并系统	法定利润表	"year=当前年份
Period=当前月份
Account_Code=科目编码
Views='YTD'
Currency='CNY'"	参考合并系统取数逻辑	太平资产	法定利润表
639	净利润	其他业务成本	其他业务成本	集团合并系统	系统取数	月度	TPG000_ACC_000144	营业支出-其他业务成本 	集团合并系统	法定利润表	"year=当前年份
Period=当前月份
Account_Code=科目编码
Views='YTD'
Currency='CNY'"	参考合并系统取数逻辑	太平资产	法定利润表
640	净利润	资产减值损失	资产减值损失	集团合并系统	系统取数	月度	TPG000_ACC_000145	营业支出-资产减值损失 	集团合并系统	法定利润表	"year=当前年份
Period=当前月份
Account_Code=科目编码
Views='YTD'
Currency='CNY'"	参考合并系统取数逻辑	太平资产	法定利润表
641	净利润	营业利润	营业利润	集团合并系统	系统取数	月度	TPG000_ACC_000146	营业利润-合计 	集团合并系统	法定利润表	"year=当前年份
Period=当前月份
Account_Code=科目编码
Views='YTD'
Currency='CNY'"	参考合并系统取数逻辑	太平资产	法定利润表
642	净利润	营业外收入	营业外收入	集团合并系统	系统取数	月度	TPG000_ACC_000147	营业利润-营业外收入 	集团合并系统	法定利润表	"year=当前年份
Period=当前月份
Account_Code=科目编码
Views='YTD'
Currency='CNY'"	参考合并系统取数逻辑	太平资产	法定利润表
643	净利润	营业外支出	营业外支出	集团合并系统	系统取数	月度	TPG000_ACC_000148	营业利润-营业外支出 	集团合并系统	法定利润表	"year=当前年份
Period=当前月份
Account_Code=科目编码
Views='YTD'
Currency='CNY'"	参考合并系统取数逻辑	太平资产	法定利润表
644	净利润	利润总额	利润总额	集团合并系统	系统取数	月度	TPG000_ACC_000149	利润总额-合计 	集团合并系统	法定利润表	"year=当前年份
Period=当前月份
Account_Code=科目编码
Views='YTD'
Currency='CNY'"	参考合并系统取数逻辑	太平资产	法定利润表
645	净利润	所得税费用	所得税费用	集团合并系统	系统取数	月度	TPG000_ACC_000150	利润总额-所得税费用 	集团合并系统	法定利润表	"year=当前年份
Period=当前月份
Account_Code=科目编码
Views='YTD'
Currency='CNY'"	参考合并系统取数逻辑	太平资产	法定利润表
646	净利润	净利润	净利润	集团合并系统	系统取数	月度	TPG000_ACC_000151	净利润 	集团合并系统	法定利润表	"year=当前年份
Period=当前月份
Account_Code=科目编码
Views='YTD'
Currency='CNY'"	参考合并系统取数逻辑	太平资产	法定利润表
649	净利润	营业收入	营业收入	集团合并系统	系统取数	月度	TPG000_ACC_000121	营业收入-合计 	集团合并系统	法定利润表	"year=当前年份
Period=当前月份
Account_Code=科目编码
Views='YTD'
Currency='CNY'"	参考合并系统取数逻辑	太平投资	法定利润表
650	净利润	已赚保费	已赚保费	集团合并系统	系统取数	月度	TPG000_ACC_000122	营业收入-已赚保费 	集团合并系统	法定利润表	"year=当前年份
Period=当前月份
Account_Code=科目编码
Views='YTD'
Currency='CNY'"	参考合并系统取数逻辑	太平投资	法定利润表
651	净利润	保险业务收入	保险业务收入	集团合并系统	系统取数	月度	TPG000_ACC_000123	营业收入-已赚保费-保险业务收入 	集团合并系统	法定利润表	"year=当前年份
Period=当前月份
Account_Code=科目编码
Views='YTD'
Currency='CNY'"	参考合并系统取数逻辑	太平投资	法定利润表
653	净利润	分出保费	分出保费	集团合并系统	系统取数	月度	TPG000_ACC_000125	营业收入-已赚保费-分出保费 	集团合并系统	法定利润表	"year=当前年份
Period=当前月份
Account_Code=科目编码
Views='YTD'
Currency='CNY'"	参考合并系统取数逻辑	太平投资	法定利润表
654	净利润	提取未到期责任准备金	提取未到期责任准备金	集团合并系统	系统取数	月度	TPG000_ACC_000126	营业收入-已赚保费-提取未到期责任准备金 	集团合并系统	法定利润表	"year=当前年份
Period=当前月份
Account_Code=科目编码
Views='YTD'
Currency='CNY'"	参考合并系统取数逻辑	太平投资	法定利润表
655	净利润	投资收益	投资收益	集团合并系统	系统取数	月度	TPG000_ACC_000127	营业收入-投资收益 	集团合并系统	法定利润表	"year=当前年份
Period=当前月份
Account_Code=科目编码
Views='YTD'
Currency='CNY'"	参考合并系统取数逻辑	太平投资	法定利润表
657	净利润	公允价值变动收益	公允价值变动收益	集团合并系统	系统取数	月度	TPG000_ACC_000129	营业收入-公允价值变动收益 	集团合并系统	法定利润表	"year=当前年份
Period=当前月份
Account_Code=科目编码
Views='YTD'
Currency='CNY'"	参考合并系统取数逻辑	太平投资	法定利润表
658	净利润	汇兑收益	汇兑收益	集团合并系统	系统取数	月度	TPG000_ACC_000130	营业收入-汇兑收益 	集团合并系统	法定利润表	"year=当前年份
Period=当前月份
Account_Code=科目编码
Views='YTD'
Currency='CNY'"	参考合并系统取数逻辑	太平投资	法定利润表
659	净利润	其他业务收入	其他业务收入	集团合并系统	系统取数	月度	TPG000_ACC_000131	营业收入-其他业务收入 	集团合并系统	法定利润表	"year=当前年份
Period=当前月份
Account_Code=科目编码
Views='YTD'
Currency='CNY'"	参考合并系统取数逻辑	太平投资	法定利润表
660	净利润	资产处置收益	资产处置收益	集团合并系统	系统取数	月度	TPG000_ACC_000689	资产处置收益	集团合并系统	法定利润表	"year=当前年份
Period=当前月份
Account_Code=科目编码
Views='YTD'
Currency='CNY'"	参考合并系统取数逻辑	太平投资	法定利润表
661	净利润	其他收益	其他收益	集团合并系统	系统取数	月度	TPG000_ACC_000690	其他收益	集团合并系统	法定利润表	"year=当前年份
Period=当前月份
Account_Code=科目编码
Views='YTD'
Currency='CNY'"	参考合并系统取数逻辑	太平投资	法定利润表
662	净利润	营业支出	营业支出	集团合并系统	系统取数	月度	TPG000_ACC_000132	营业支出-合计	集团合并系统	法定利润表	"year=当前年份
Period=当前月份
Account_Code=科目编码
Views='YTD'
Currency='CNY'"	参考合并系统取数逻辑	太平投资	法定利润表
663	净利润	退保金	退保金	集团合并系统	系统取数	月度	TPG000_ACC_000161	保险业务-退保金 	集团合并系统	法定利润表	"year=当前年份
Period=当前月份
Account_Code=科目编码
Views='YTD'
Currency='CNY'"	参考合并系统取数逻辑	太平投资	法定利润表
664	净利润	赔付支出	赔付支出	集团合并系统	系统取数	月度	TPG000_ACC_000159	保险业务-赔付支出 	集团合并系统	法定利润表	"year=当前年份
Period=当前月份
Account_Code=科目编码
Views='YTD'
Currency='CNY'"	参考合并系统取数逻辑	太平投资	法定利润表
665	净利润	摊回赔付支出	摊回赔付支出	集团合并系统	系统取数	月度	TPG000_ACC_000160	保险业务-摊回赔付支出 	集团合并系统	法定利润表	"year=当前年份
Period=当前月份
Account_Code=科目编码
Views='YTD'
Currency='CNY'"	参考合并系统取数逻辑	太平投资	法定利润表
666	净利润	提取保险责任准备金	提取保险责任准备金	集团合并系统	系统取数	月度	TPG000_ACC_000162	保险业务-提取保险责任准备金 	集团合并系统	法定利润表	"year=当前年份
Period=当前月份
Account_Code=科目编码
Views='YTD'
Currency='CNY'"	参考合并系统取数逻辑	太平投资	法定利润表
667	净利润	摊回保险责任准备金	摊回保险责任准备金	集团合并系统	系统取数	月度	TPG000_ACC_000163	保险业务-摊回保险责任准备金 	集团合并系统	法定利润表	"year=当前年份
Period=当前月份
Account_Code=科目编码
Views='YTD'
Currency='CNY'"	参考合并系统取数逻辑	太平投资	法定利润表
668	净利润	提取农险保费准备金	提取农险保费准备金	集团合并系统	系统取数	月度	TPG000_ACC_000703	提取农险保费准备金	集团合并系统	法定利润表	"year=当前年份
Period=当前月份
Account_Code=科目编码
Views='YTD'
Currency='CNY'"	参考合并系统取数逻辑	太平投资	法定利润表
669	净利润	保单红利支出	保单红利支出	集团合并系统	系统取数	月度	TPG000_ACC_000164	保险业务-保单红利支出 	集团合并系统	法定利润表	"year=当前年份
Period=当前月份
Account_Code=科目编码
Views='YTD'
Currency='CNY'"	参考合并系统取数逻辑	太平投资	法定利润表
670	净利润	分保费用	分保费用	集团合并系统	系统取数	月度	TPG000_ACC_000139	营业支出-分保费用	集团合并系统	法定利润表	"year=当前年份
Period=当前月份
Account_Code=科目编码
Views='YTD'
Currency='CNY'"	参考合并系统取数逻辑	太平投资	法定利润表
671	净利润	税金及附加	税金及附加	集团合并系统	系统取数	月度	TPG000_ACC_000140	营业支出-营业税金及附加	集团合并系统	法定利润表	"year=当前年份
Period=当前月份
Account_Code=科目编码
Views='YTD'
Currency='CNY'"	参考合并系统取数逻辑	太平投资	法定利润表
672	净利润	手续费及佣金支	手续费及佣金支	集团合并系统	系统取数	月度	TPG000_ACC_000141	营业支出-手续费及佣金支出	集团合并系统	法定利润表	"year=当前年份
Period=当前月份
Account_Code=科目编码
Views='YTD'
Currency='CNY'"	参考合并系统取数逻辑	太平投资	法定利润表
673	净利润	业务及管理费	业务及管理费	集团合并系统	系统取数	月度	TPG000_ACC_000142	营业支出-业务及管理费	集团合并系统	法定利润表	"year=当前年份
Period=当前月份
Account_Code=科目编码
Views='YTD'
Currency='CNY'"	参考合并系统取数逻辑	太平投资	法定利润表
674	净利润	摊回分保费用	摊回分保费用	集团合并系统	系统取数	月度	TPG000_ACC_000143	营业支出-业务及管理费-摊回分保费用	集团合并系统	法定利润表	"year=当前年份
Period=当前月份
Account_Code=科目编码
Views='YTD'
Currency='CNY'"	参考合并系统取数逻辑	太平投资	法定利润表
675	净利润	其他业务成本	其他业务成本	集团合并系统	系统取数	月度	TPG000_ACC_000144	营业支出-其他业务成本 	集团合并系统	法定利润表	"year=当前年份
Period=当前月份
Account_Code=科目编码
Views='YTD'
Currency='CNY'"	参考合并系统取数逻辑	太平投资	法定利润表
676	净利润	资产减值损失	资产减值损失	集团合并系统	系统取数	月度	TPG000_ACC_000145	营业支出-资产减值损失 	集团合并系统	法定利润表	"year=当前年份
Period=当前月份
Account_Code=科目编码
Views='YTD'
Currency='CNY'"	参考合并系统取数逻辑	太平投资	法定利润表
677	净利润	营业利润	营业利润	集团合并系统	系统取数	月度	TPG000_ACC_000146	营业利润-合计 	集团合并系统	法定利润表	"year=当前年份
Period=当前月份
Account_Code=科目编码
Views='YTD'
Currency='CNY'"	参考合并系统取数逻辑	太平投资	法定利润表
678	净利润	营业外收入	营业外收入	集团合并系统	系统取数	月度	TPG000_ACC_000147	营业利润-营业外收入 	集团合并系统	法定利润表	"year=当前年份
Period=当前月份
Account_Code=科目编码
Views='YTD'
Currency='CNY'"	参考合并系统取数逻辑	太平投资	法定利润表
679	净利润	营业外支出	营业外支出	集团合并系统	系统取数	月度	TPG000_ACC_000148	营业利润-营业外支出 	集团合并系统	法定利润表	"year=当前年份
Period=当前月份
Account_Code=科目编码
Views='YTD'
Currency='CNY'"	参考合并系统取数逻辑	太平投资	法定利润表
680	净利润	利润总额	利润总额	集团合并系统	系统取数	月度	TPG000_ACC_000149	利润总额-合计 	集团合并系统	法定利润表	"year=当前年份
Period=当前月份
Account_Code=科目编码
Views='YTD'
Currency='CNY'"	参考合并系统取数逻辑	太平投资	法定利润表
681	净利润	所得税费用	所得税费用	集团合并系统	系统取数	月度	TPG000_ACC_000150	利润总额-所得税费用 	集团合并系统	法定利润表	"year=当前年份
Period=当前月份
Account_Code=科目编码
Views='YTD'
Currency='CNY'"	参考合并系统取数逻辑	太平投资	法定利润表
682	净利润	净利润	净利润	集团合并系统	系统取数	月度	TPG000_ACC_000151	净利润 	集团合并系统	法定利润表	"year=当前年份
Period=当前月份
Account_Code=科目编码
Views='YTD'
Currency='CNY'"	参考合并系统取数逻辑	太平投资	法定利润表
